X1,X2,X3,X4,X5,X6,X7,X8,X9,X10,X11,X12,X13,X14,X15,X16,X17,X18,X19,X20
378.25,1134.75,93,186,0,0,0,0,0,0,0,0,0,0,70.00000000000027,729.9999999999999,630,118.00000000000028,0,0
340.24999999999994,1020.7500000000001,113.33333333333333,226.66666666666669,0,0,0,0,0,0,0,0,0,0,28.00000000000022,729.9999999999999,630,187.00000000000014,0,0
360.24999999999994,1080.75,167.66666666666666,335.3333333333333,0,0,0,0,0,0,0,0,0,0,0,729.9999999999999,282.00000000000017,18.000000000000096,0,0
222.50000000000003,1177.5,209,418,0,0,0,0,0,0,0,0,0,0,0,729.9999999999999,69.0000000000001,0,0,0
100.25000000000018,1260.75,228,456,0,0,0,0,0,0,0,0,0,0,0,693.9999999999998,0,0,0,0
0,1334,264.66666666666663,529.3333333333333,0,0,0,0,0,0,0,0,0,0,0,545.0000000000002,0,0,0,0
0,1377,289.3333333333333,578.6666666666666,0,0,0,0,0,0,0,0,0,0,0,420.00000000000006,0,0,0,0
129.2500000000002,1440.75,294.66666666666663,589.3333333333333,0,0,0,0,0,0,0,0,0,0,0,420.00000000000006,0,0,0,0
119.25000000000007,1446.7500000000002,299.3333333333333,598.6666666666666,0,0,0,0,0,0,0,0,0,0,0,449,0,0,0,0
306.24999999999994,1449.75,304.66666666666663,609.3333333333334,0,0,0,0,0,0,0,0,0,0,0,446.00000000000017,0,0,0,0
306.74999999999983,1580.2500000000002,308.66666666666663,617.3333333333333,0,0,0,0,0,0,0,0,0,0,0,528,0,0,0,0
184.75000000000023,1754.25,305.66666666666663,611.3333333333333,0,0,0,0,0,0,0,0,0,0,0,620.0000000000001,0,0,0,0
88.00000000000004,1893.0000000000002,306,612.0000000000001,0,0,0,0,0,0,0,0,0,0,0,639,0,0,0,0
0,1958.0000000000007,315.3333333333333,630.6666666666666,0,0,0,0,0,0,0,0,0,0,0,621.9999999999999,0,0,0,0
0,1870,314,628.0000000000001,0,0,0,0,0,0,0,0,0,0,0,646,0,0,0,0
70.75000000000057,1898.2499999999995,294.3333333333333,588.6666666666666,0,0,0,0,0,0,0,0,0,0,0,729.9999999999999,37.00000000000018,0,0,0
346.7499999999998,1709.25,268,536.0000000000001,0,0,0,0,0,0,0,0,0,0,0,729.9999999999999,350.00000000000017,0,0,0
498.74999999999994,1496.25,250.66666666666666,501.3333333333333,0,0,0,0,0,0,144.00000000000048,0,0,0,0,729.9999999999999,630,258.0000000000004,0,0
458.49999999999994,1375.5,234,468,0,0,0,0,0,0,239.00000000000026,0,0,0,0,729.9999999999999,630,358.0000000000002,0,0
438.24999999999994,1314.7500000000002,222.66666666666666,445.3333333333333,0,0,0,0,0,0,0,0,0,0,0,729.9999999999999,595,290,0,0
416.5,1249.5000000000002,217.33333333333331,434.66666666666663,0,0,0,0,0,0,0,0,0,0,0,729.9999999999999,486.9999999999999,247.99999999999986,0,0
408,1224.0000000000002,198.33333333333331,396.66666666666663,0,0,0,0,0,0,0,0,0,0,0,729.9999999999999,376.0000000000001,177.00000000000006,0,0
391.75000000000006,1175.25,173,346,0,0,0,0,0,0,0,0,0,0,0,729.9999999999999,284.9999999999999,115.99999999999991,0,0
366,1098.0000000000002,147.66666666666666,295.3333333333333,0,0,0,0,0,0,0,0,0,0,0,729.9999999999999,254,102.00000000000006,0,0
344.75,1127.2500000000002,164.33333333333331,328.6666666666667,0,0,0,0,0,0,0,0,0,0,0,729.9999999999999,35.00000000000009,0,0,0
304.00000000000006,1125,146,292,0,0,0,0,0,0,0,0,0,0,0,729.9999999999999,19.99999999999989,0,0,0
356.5,1069.5,126.33333333333333,252.66666666666666,0,0,0,0,0,0,0,0,0,0,0,729.9999999999999,63.000000000000256,5.000000000000159,0,0
328.25,984.7499999999998,103.33333333333333,206.66666666666666,0,0,0,0,0,0,0,0,0,0,0,729.9999999999999,283.0000000000003,136.00000000000017,0,0
288.49999999999994,865.5000000000001,77.66666666666666,155.33333333333331,0,0,0,0,0,0,0,0,0,0,0,729.9999999999999,605.0000000000001,333.00000000000006,0,0
255.24999999999997,765.75,73,146,0,0,0,0,0,0,276.0000000000001,0,0,0,0,729.9999999999999,630,561.9999999999999,0,0
242.75,728.25,72,144,0,0,0,0,0,393.0000000000001,434.0000000000001,0,0,0,0,729.9999999999999,630,600,0,0
237.25,711.75,70.66666666666666,141.33333333333334,0,0,0,0,0,921,734.0000000000001,0,0,0,0,729.9999999999999,630,600,0,0
243.74999999999997,731.25,74,148,0,62.00000000000002,0,0,0,1e3,883.0000000000001,0,0,0,0,729.9999999999999,630,600,0,0
246.5,739.5,83.33333333333333,166.66666666666666,0,73.99999999999977,0,0,0,1e3,908.0000000000002,0,0,0,0,729.9999999999999,630,600,0,0
240.24999999999997,720.75,89.33333333333333,178.66666666666666,0,163.99999999999986,0,0,0,1e3,921.9999999999999,0,0,0,0,729.9999999999999,630,600,0,0
226.25,678.75,95,190,0,226.00000000000014,0,0,0,1e3,891.9999999999999,0,0,0,0,729.9999999999999,630,600,0,0
219.74999999999997,659.25,86.66666666666666,173.33333333333331,0,176.9999999999998,0,0,0,1e3,897.0000000000001,0,0,0,0,729.9999999999999,630,600,0,0
230.99999999999997,693,81.33333333333333,162.66666666666669,0,38.99999999999989,0,0,0,1e3,899.0000000000001,0,0,0,0,729.9999999999999,630,600,0,0
226.5,679.5,97.33333333333333,194.66666666666669,0,0,0,0,0,964,838.9999999999998,0,0,0,0,729.9999999999999,630,600,0,0
218.5,655.5,84.66666666666666,169.33333333333331,0,2.9999999999999916,0,0,0,1e3,876,0,0,0,0,729.9999999999999,630,600,0,0
225.99999999999997,678,79.66666666666666,159.33333333333331,0,144,0,0,0,1e3,1162,0,0,0,0,729.9999999999999,630,600,0,0
239.24999999999997,717.75,91.33333333333333,182.66666666666666,0,311.99999999999983,0,0,0,1e3,1200,0,0,0,80.00000000000001,729.9999999999999,630,600,0,0
256.25,768.75,109.33333333333333,218.66666666666669,0,139.99999999999994,0,0,0,1e3,1162,0,0,0,0,729.9999999999999,630,600,0,0
261.75,785.25,118.33333333333333,236.66666666666666,0,0,0,0,0,844.9999999999999,821.9999999999999,0,0,0,0,729.9999999999999,630,600,0,0
283.75,851.2500000000001,127.66666666666666,255.33333333333331,0,0,0,0,0,509,637.0000000000001,0,0,0,0,729.9999999999999,630,600,0,0
329.25,987.7500000000001,147.33333333333331,294.66666666666663,0,0,0,0,0,154.00000000000003,460.0000000000001,0,0,0,0,729.9999999999999,630,600,0,0
368.25,1104.75,164,328.00000000000006,0,0,0,0,0,0,0,0,0,0,175,729.9999999999999,630,455.0000000000001,0,0
420.99999999999994,1263.0000000000002,166,332,0,0,0,0,0,0,0,0,0,0,0,729.9999999999999,320,96.99999999999989,0,0
226.25000000000023,1437.75,187,374.00000000000006,0,0,0,0,0,0,0,0,0,0,0,696.9999999999999,0,0,0,0
0,1639,208.33333333333331,416.6666666666667,0,0,0,0,0,0,0,0,0,0,0,572,0,0,0,0
0,1640.0000000000002,236.66666666666666,473.3333333333333,0,0,0,0,0,0,0,0,0,0,0,466,0,0,0,0
0,1633.0000000000002,271.66666666666663,543.3333333333333,0,0,0,0,0,0,0,0,0,0,0,374.99999999999994,0,0,0,0
0,1693.0000000000002,294.66666666666663,589.3333333333333,0,0,0,0,0,0,0,0,0,0,0,344.00000000000006,0,0,0,0
0,1869.0000000000002,307.3333333333333,614.6666666666666,0,0,0,0,0,0,0,0,0,0,0,417.9999999999999,0,0,0,0
0,2223,317.3333333333333,634.6666666666667,0,0,0,0,0,0,0,0,0,0,0,622.0000000000001,0,0,0,0
474.0000000000001,2217,311.3333333333333,622.6666666666666,0,0,0,0,0,0,0,0,0,0,0,729.9999999999999,186.0000000000002,0,0,0
704.7499999999999,2114.25,301.3333333333333,602.6666666666667,0,0,0,0,0,0,0,0,0,0,0,729.9999999999999,401.00000000000006,74.99999999999991,0,0
661.9999999999999,1986.0000000000002,283.66666666666663,567.3333333333333,0,0,0,0,0,0,79.00000000000007,0,0,0,0,729.9999999999999,630,292.99999999999994,0,0
590.5,1771.5000000000002,251.66666666666666,503.33333333333337,0,0,0,0,0,54.999999999999915,513.9999999999999,0,0,0,0,729.9999999999999,630,600,0,0
475.5,1426.5,205,410.00000000000006,0,0,0,0,0,516,640.0000000000001,0,0,0,0,729.9999999999999,630,600,0,0
379.99999999999994,1140,139.33333333333331,278.66666666666663,0,0,0,0,0,758,848,0,0,0,0,729.9999999999999,630,600,0,0
324.75,974.2500000000001,120.33333333333333,240.66666666666669,0,0,0,0,0,958,894.0000000000001,0,0,0,0,729.9999999999999,630,600,0,0
303.5,910.5,129,258,0,0,0,0,0,945.9999999999998,842,0,0,0,0,729.9999999999999,630,600,0,0
282.25,846.7500000000001,117.33333333333333,234.66666666666669,0,0,0,0,0,962,886.0000000000001,0,0,0,0,729.9999999999999,630,600,0,0
249.99999999999997,750,101.66666666666666,203.33333333333334,0,206.00000000000006,0,0,0,1e3,1200,0,0,0,18.999999999999982,729.9999999999999,630,600,0,0
216.25,648.75,105.66666666666666,211.33333333333334,184.00000000000003,330,0,0,0,1e3,1200,0,0,0,131.00000000000009,729.9999999999999,630,600,0,0
206.5,619.5,109,218.00000000000003,77.99999999999991,330,0,0,0,1e3,1200,0,0,0,36.00000000000009,729.9999999999999,630,600,0,0
191.24999999999997,573.75,98,196,0,284.99999999999994,0,0,0,1e3,986,0,0,0,0,729.9999999999999,630,600,0,0
186.5,559.5,92.33333333333333,184.66666666666669,0,94.99999999999994,0,0,0,1e3,864.9999999999999,0,0,0,0,729.9999999999999,630,600,0,0
207.25,621.75,90.66666666666666,181.33333333333331,0,0,0,0,0,841,737.0000000000001,0,0,0,0,729.9999999999999,630,600,0,0
220.74999999999997,662.25,83.33333333333333,166.66666666666666,260.0000000000001,330,0,0,0,0,0,0,0,272.00000000000006,350.00000000000006,729.9999999999999,630,600,0,0
235.99999999999997,708,95.33333333333333,190.66666666666666,7.000000000000014,330,0,0,0,0,0,0,0,104.00000000000018,350.00000000000006,729.9999999999999,630,600,0,0
216.25,648.75,94.66666666666666,189.33333333333331,0,288.9999999999999,0,0,0,0,0,0,0,0,330.00000000000006,729.9999999999999,630,600,0,0
234.49999999999997,703.5,138,276.00000000000006,0,160.99999999999994,0,0,0,0,0,0,0,0,112.00000000000007,729.9999999999999,630,600,0,0
232,696,159,318,0,173,0,0,0,0,0,0,0,0,10.000000000000002,729.9999999999999,630,600,0,0
268,804,174.66666666666666,349.3333333333333,0,21.999999999999975,0,0,0,0,0,0,0,0,0,729.9999999999999,608,600,0,0
296.5,889.5,184.66666666666666,369.33333333333337,0,0,0,0,0,0,0,0,0,0,0,729.9999999999999,570.9999999999999,555,0,0
310.5,931.5,195.66666666666666,391.3333333333333,0,0,0,0,0,40.99999999999994,73.00000000000001,0,0,0,0,729.9999999999999,630,600,0,0
317.25,951.75,213,426.00000000000006,0,0,0,0,0,446.00000000000006,270.0000000000001,0,0,0,0,729.9999999999999,630,600,0,0
289,867.0000000000001,210,420.00000000000006,0,89.99999999999993,0,0,0,1e3,508.00000000000006,0,0,0,0,729.9999999999999,630,600,0,0
248.5,745.5,208.33333333333331,416.6666666666667,82.00000000000007,330,0,0,0,1e3,594,0,0,0,0,729.9999999999999,630,600,0,0
212,636,207.33333333333331,414.66666666666663,164.99999999999997,330,0,0,0,1e3,592.0000000000002,0,0,0,0,729.9999999999999,630,600,0,0
188.25,564.75,195.66666666666666,391.3333333333333,274.99999999999983,330,0,0,0,1e3,644.9999999999999,0,0,0,0,729.9999999999999,630,600,0,0
177.25,531.75,187,374.00000000000006,287.00000000000006,330,0,0,0,1e3,682.9999999999998,0,0,0,0,729.9999999999999,630,600,0,0
174.99999999999997,525.0000000000001,172.33333333333331,344.66666666666663,185.99999999999983,330,0,0,0,1e3,723,0,0,0,0,729.9999999999999,630,600,0,0
182.5,547.5,148.66666666666666,297.3333333333333,184.00000000000006,330,0,0,0,1e3,784.9999999999998,0,0,0,0,729.9999999999999,630,600,0,0
200.49999999999997,601.5,126.33333333333333,252.66666666666666,19.000000000000107,330,0,0,0,1e3,837.0000000000001,0,0,0,0,729.9999999999999,630,600,0,0
189.5,568.5,107.33333333333333,214.66666666666666,5.000000000000066,330,0,0,0,1e3,889,0,0,0,0,729.9999999999999,630,600,0,0
156.75,470.25,84,168.00000000000003,291.00000000000006,330,0,0,0,1e3,1200,0,0,0,43.00000000000001,729.9999999999999,630,600,0,0
119.99999999999999,360,64,128,400.00000000000006,330,0,245.00000000000006,0,1e3,1200,0,0,0,249.99999999999994,729.9999999999999,630,600,0,0
104.99999999999999,315,56.666666666666664,113.33333333333334,400.00000000000006,330,0,145.99999999999986,0,1e3,1200,0,0,0,236.00000000000014,729.9999999999999,630,600,0,0
95.75,287.25,52.666666666666664,105.33333333333334,382.00000000000006,330,0,0,0,1e3,1176,0,0,0,0,729.9999999999999,630,600,0,0
79,237.00000000000003,55,110,245.99999999999986,330,0,0,0,1e3,1039,0,0,0,0,729.9999999999999,630,600,0,0
72,216,45.33333333333333,90.66666666666666,88.99999999999979,330,0,0,0,1e3,918.0000000000001,0,0,0,0,729.9999999999999,630,600,0,0
70,210.00000000000003,32.33333333333333,64.66666666666666,400.00000000000006,330,0,390,129.9999999999999,0,0,0,66.99999999999999,400.00000000000006,350.00000000000006,729.9999999999999,630,600,0,0
64.75,194.25,24,48,400.00000000000006,330,0,357,0,0,0,0,0,366.0000000000001,350.00000000000006,729.9999999999999,630,600,0,0
49.5,148.49999999999997,29.666666666666664,59.33333333333333,400.00000000000006,330,0,267.9999999999998,0,0,0,0,0,183,350.00000000000006,729.9999999999999,630,600,0,0
56.24999999999999,168.75,27.666666666666664,55.333333333333336,400.00000000000006,330,0,174.00000000000009,0,0,0,0,0,122.00000000000003,350.00000000000006,729.9999999999999,630,600,0,0
59.5,178.5,34,68,400.00000000000006,330,0,159.0000000000001,0,0,0,0,0,79.00000000000017,350.00000000000006,729.9999999999999,630,600,0,0
58.25,174.75,71.33333333333333,142.66666666666666,400.00000000000006,330,0,153.99999999999997,0,0,0,0,0,0,325.00000000000017,729.9999999999999,630,600,0,0
53,159,77.66666666666666,155.33333333333331,400.00000000000006,330,0,224.00000000000003,0,0,0,0,0,0,333.00000000000017,729.9999999999999,630,600,0,0
48.5,145.5,91.33333333333333,182.66666666666666,0,131.99999999999994,0,0,0,1e3,371.00000000000017,0,0,0,0,729.9999999999999,630,600,0,0
52.74999999999999,158.25,123,246.00000000000003,207.99999999999977,330,0,0,0,1e3,472.99999999999994,0,0,0,0,729.9999999999999,630,600,0,0
41,123,129.33333333333331,258.66666666666663,400.00000000000006,330,0,372.9999999999998,0,1e3,747,0,0,0,0,729.9999999999999,630,600,0,0
39.25,117.75000000000001,138,276.00000000000006,400.00000000000006,330,0,390,105.99999999999984,1e3,834.9999999999999,0,0,0,0,729.9999999999999,630,600,0,0
38.99999999999999,117,147.66666666666666,295.3333333333333,400.00000000000006,330,0,390,60.99999999999994,1e3,836.0000000000001,0,0,0,0,729.9999999999999,630,600,0,0
35.75,107.25000000000001,146,292,400.00000000000006,330,0,390,121.9999999999998,1e3,872,0,0,0,0,729.9999999999999,630,600,0,0
30.75,92.25,145.33333333333331,290.6666666666667,400.00000000000006,330,0,390,117.99999999999989,1e3,848.0000000000001,0,0,0,0,729.9999999999999,630,600,0,0
29.499999999999996,88.5,141.66666666666666,283.3333333333333,400.00000000000006,330,0,378,0,1e3,831.9999999999999,0,0,0,0,729.9999999999999,630,600,0,0
27.75,83.25,95,190,400.00000000000006,330,0,319.9999999999999,0,1e3,948,0,0,0,0,729.9999999999999,630,600,0,0
26,78,60.33333333333333,120.66666666666667,400.00000000000006,330,0,144.99999999999991,0,1e3,1011.0000000000003,0,0,0,0,729.9999999999999,630,600,0,0
33,99.00000000000001,46.33333333333333,92.66666666666666,400.00000000000006,330,0,25.99999999999992,0,1e3,1046,0,0,0,0,729.9999999999999,630,600,0,0
40,120.00000000000001,36.666666666666664,73.33333333333334,400.00000000000006,330,0,114.9999999999998,0,1e3,1200,0,0,0,135.00000000000009,729.9999999999999,630,600,0,0
47.25,141.75,29,58.00000000000001,400.00000000000006,330,0,301.9999999999999,0,1e3,1200,0,0,0,297.00000000000006,729.9999999999999,630,600,0,0
48.99999999999999,147,27.333333333333332,54.66666666666667,400.00000000000006,330,0,176.00000000000006,0,1e3,1200,0,0,0,248.00000000000014,729.9999999999999,630,600,0,0
48.99999999999999,147,27.666666666666664,55.333333333333336,327.00000000000006,330,0,0,0,1e3,1165,0,0,0,0,729.9999999999999,630,600,0,0
53.74999999999999,161.25,36.33333333333333,72.66666666666667,144.99999999999991,330,0,0,0,1e3,1004.0000000000002,0,0,0,0,729.9999999999999,630,600,0,0
53.25,159.75,31.333333333333332,62.666666666666664,0,324.9999999999998,0,0,0,1e3,902,0,0,0,0,729.9999999999999,630,600,0,0
47,141,20.333333333333332,40.66666666666667,400.00000000000006,330,0,390,90.99999999999991,0,0,0,60.000000000000114,400.00000000000006,350.00000000000006,729.9999999999999,630,600,0,0
43.99999999999999,132,16.666666666666664,33.333333333333336,400.00000000000006,330,0,370.99999999999994,0,0,0,0,0,363.0000000000001,350.00000000000006,729.9999999999999,630,600,0,0
26.249999999999996,78.75,5,10,400.00000000000006,330,0,307.9999999999999,0,0,0,0,0,292.00000000000006,350.00000000000006,729.9999999999999,630,600,0,0
24.999999999999996,75,5.666666666666666,11.333333333333332,400.00000000000006,330,0,199.99999999999986,0,0,0,0,0,203.00000000000003,350.00000000000006,729.9999999999999,630,600,0,0
22.25,66.75,7.333333333333333,14.666666666666668,400.00000000000006,330,0,150.00000000000009,0,0,0,0,0,146.00000000000014,350.00000000000006,729.9999999999999,630,600,0,0
24.499999999999996,73.5,7.333333333333333,14.666666666666668,400.00000000000006,330,0,154.99999999999983,0,0,0,0,0,126.00000000000001,350.00000000000006,729.9999999999999,630,600,0,0
27.499999999999996,82.5,8,16,400.00000000000006,330,0,182.00000000000006,0,0,0,0,0,121.00000000000014,350.00000000000006,729.9999999999999,630,600,0,0
31.249999999999996,93.75,8.333333333333332,16.666666666666668,0,0,0,0,0,955,497.00000000000017,0,0,0,0,729.9999999999999,630,600,0,0
40,120.00000000000001,9.666666666666666,19.333333333333336,0,40.00000000000002,0,0,0,1e3,560,0,0,0,0,729.9999999999999,630,600,0,0
47.74999999999999,143.25,12.666666666666666,25.333333333333336,0,262.99999999999983,0,0,0,1e3,719,0,0,0,0,729.9999999999999,630,600,0,0
54.75,164.25,14.666666666666666,29.333333333333336,91.00000000000007,330,0,0,0,1e3,838,0,0,0,0,729.9999999999999,630,600,0,0
67,201,15.666666666666666,31.333333333333332,138.99999999999997,330,0,0,0,1e3,945.0000000000001,0,0,0,0,729.9999999999999,630,600,0,0
81.75,245.25000000000003,18.333333333333332,36.66666666666667,149.99999999999977,330,0,0,0,1e3,1037.0000000000002,0,0,0,0,729.9999999999999,630,600,0,0
96.25,288.75,29.333333333333332,58.66666666666667,51.999999999999794,330,0,0,0,1e3,1030.0000000000002,0,0,0,0,729.9999999999999,630,600,0,0
113.75,341.25,33.33333333333333,66.66666666666667,0,253.99999999999974,0,0,0,1e3,1001,0,0,0,0,729.9999999999999,630,600,0,0
125.5,376.5,31.333333333333332,62.666666666666664,0,169.9999999999999,0,0,0,1e3,988.9999999999999,0,0,0,0,729.9999999999999,630,600,0,0
129.5,388.50000000000006,37.666666666666664,75.33333333333334,0,39.99999999999973,0,0,0,1e3,956.0000000000001,0,0,0,0,729.9999999999999,630,600,0,0
146.25,438.75000000000006,42.666666666666664,85.33333333333333,0,4.99999999999991,0,0,0,1e3,949,0,0,0,0,729.9999999999999,630,600,0,0
159.25,477.75000000000006,55,110,0,108.9999999999999,0,0,0,1e3,1149,0,0,0,0,729.9999999999999,630,600,0,0
179.74999999999997,539.25,65.66666666666666,131.33333333333331,0,285.99999999999983,0,0,0,1e3,1200,0,0,0,62.99999999999993,729.9999999999999,630,600,0,0
204.49999999999997,613.5,72,144,0,106.00000000000004,0,0,0,1e3,1200,0,0,0,24.00000000000003,729.9999999999999,630,600,0,0
232,696,88,176.00000000000003,0,0,0,0,0,823.0000000000001,892.0000000000001,0,0,0,0,729.9999999999999,630,600,0,0
244.49999999999997,733.5,97.33333333333333,194.66666666666669,0,0,0,0,0,606.0000000000001,733.0000000000001,0,0,0,0,729.9999999999999,630,600,0,0
239.74999999999997,719.2500000000001,103.66666666666666,207.33333333333331,0,0,0,0,0,505,615,0,0,0,0,729.9999999999999,630,600,0,0
237.75,713.25,100.33333333333333,200.66666666666666,61.00000000000019,330,0,0,0,0,0,0,0,184.00000000000014,350.00000000000006,729.9999999999999,630,600,0,0
221.25,663.75,97.66666666666666,195.33333333333331,11.000000000000059,330,0,0,0,0,0,0,0,106.00000000000004,350.00000000000006,729.9999999999999,630,600,0,0
99.25,297.75,90,180.00000000000003,388.99999999999983,330,0,0,0,0,0,0,0,46.00000000000012,350.00000000000006,729.9999999999999,630,600,0,0
79.5,238.5,92.66666666666666,185.33333333333331,385.9999999999999,330,0,0,0,0,0,0,0,0,323.00000000000006,729.9999999999999,630,600,0,0
67.25,201.75000000000003,90.33333333333333,180.66666666666669,400.00000000000006,330,0,10.000000000000073,0,0,0,0,0,0,294,729.9999999999999,630,600,0,0
55.75,167.25,85.66666666666666,171.33333333333334,400.00000000000006,330,0,76.00000000000009,0,0,0,0,0,0,297.00000000000017,729.9999999999999,630,600,0,0
52,156,71.33333333333333,142.66666666666666,400.00000000000006,330,0,124.99999999999987,0,0,0,0,0,14.00000000000001,350.00000000000006,729.9999999999999,630,600,0,0
53.5,160.5,56.666666666666664,113.33333333333334,0,0,0,0,0,884,443.0000000000001,0,0,0,0,729.9999999999999,630,600,0,0
60.75,182.25000000000003,49.666666666666664,99.33333333333333,0,0,0,0,0,948.9999999999998,496.00000000000017,0,0,0,0,729.9999999999999,630,600,0,0
63.49999999999999,190.5,48.33333333333333,96.66666666666666,0,197.00000000000006,0,0,0,1e3,642,0,0,0,0,729.9999999999999,630,600,0,0
66.75,200.25000000000003,42.33333333333333,84.66666666666666,34.00000000000004,330,0,0,0,1e3,798,0,0,0,0,729.9999999999999,630,600,0,0
71.5,214.50000000000003,35.33333333333333,70.66666666666667,130.99999999999977,330,0,0,0,1e3,933.9999999999998,0,0,0,0,729.9999999999999,630,600,0,0
84.99999999999999,255.00000000000003,25.666666666666664,51.333333333333336,110.00000000000009,330,0,0,0,1e3,1038,0,0,0,0,729.9999999999999,630,600,0,0
102.24999999999999,306.75,20,40,14.999999999999849,330,0,0,0,1e3,1068,0,0,0,0,729.9999999999999,630,600,0,0
106.25,318.75,12.666666666666666,25.333333333333336,0,252.99999999999972,0,0,0,1e3,1066,0,0,0,0,729.9999999999999,630,600,0,0
119,357,8,16,0,124.00000000000004,0,0,0,1e3,1050,0,0,0,0,729.9999999999999,630,600,0,0
139.5,418.50000000000006,7.333333333333333,14.666666666666668,0,0,0,0,0,931,1036,0,0,0,0,729.9999999999999,630,600,0,0
164.25,492.75000000000006,7.333333333333333,14.666666666666668,0,0,0,0,0,865.9999999999998,1076,0,0,0,0,729.9999999999999,630,600,0,0
187.25,561.7500000000001,9,18,0,0,0,0,0,1e3,1200,0,0,0,152.99999999999974,729.9999999999999,630,595.9999999999999,0,0
202.25,606.75,12.666666666666666,25.333333333333336,0,266.00000000000006,0,0,0,1e3,1200,0,0,0,309.00000000000017,729.9999999999999,630,600,0,0
221.5,664.5,16.333333333333332,32.666666666666664,0,109.99999999999984,0,0,0,1e3,1200,0,0,0,272.00000000000017,729.9999999999999,630,600,0,0
227.5,682.5,17.666666666666664,35.333333333333336,0,0,0,0,0,949,1200,0,0,0,0,729.9999999999999,630,568.9999999999999,0,0
210.99999999999997,632.9999999999999,16.333333333333332,32.666666666666664,0,0,0,0,0,818.0000000000001,1092,0,0,0,0,729.9999999999999,630,600,0,0
195.74999999999997,587.25,14.666666666666666,29.333333333333336,0,0,0,0,0,759,973.0000000000001,0,0,0,0,729.9999999999999,630,600,0,0
202.75,608.25,15.666666666666666,31.333333333333332,269.0000000000001,330,0,0,0,0,0,0,112.0000000000001,400.00000000000006,350.00000000000006,729.9999999999999,630,600,0,0
201.24999999999997,603.75,17,34,171,330,0,0,0,0,0,0,25.999999999999932,400.00000000000006,350.00000000000006,729.9999999999999,630,600,0,0
209,627.0000000000001,18.666666666666664,37.33333333333333,0,307.99999999999994,0,0,0,0,0,0,0,353.0000000000001,350.00000000000006,729.9999999999999,630,600,0,0
199.99999999999997,600,17,34,0,304.99999999999994,0,0,0,0,0,0,0,300.00000000000006,350.00000000000006,729.9999999999999,630,600,0,0
177.75,533.25,14.666666666666666,29.333333333333336,63.999999999999865,330,0,0,0,0,0,0,0,263.99999999999994,350.00000000000006,729.9999999999999,630,600,0,0
144.75,434.25,12.666666666666666,25.333333333333336,255.0000000000001,330,0,0,0,0,0,0,0,295.00000000000017,350.00000000000006,729.9999999999999,630,600,0,0
117.49999999999999,352.5,12,24,400.00000000000006,330,0,5.9999999999999805,0,0,0,0,0,336.00000000000006,350.00000000000006,729.9999999999999,630,600,0,0
91,273,10.666666666666666,21.333333333333332,0,0,0,0,0,996,759,0,0,0,0,729.9999999999999,630,600,0,0
76.25,228.75,10.666666666666666,21.333333333333332,149.00000000000003,330,0,0,0,1e3,953.0000000000001,0,0,0,0,729.9999999999999,630,600,0,0
49.5,148.5,10.333333333333332,20.666666666666664,400.00000000000006,330,0,390,4.9999999999998375,1e3,1200,0,0,0,63.9999999999999,729.9999999999999,630,600,0,0
35.25,105.75,9,18,400.00000000000006,330,0,390,221.99999999999986,1e3,1200,0,0,0,211.99999999999991,729.9999999999999,630,600,0,0
27.25,81.75,7.333333333333333,14.666666666666668,400.00000000000006,330,0,390,220.9999999999999,1e3,1200,0,0,0,218,729.9999999999999,630,600,0,0
25.5,76.5,7,14.000000000000002,400.00000000000006,330,0,390,260.99999999999983,1e3,1200,0,0,0,213.99999999999997,729.9999999999999,630,600,0,0
28.249999999999996,84.75,7.666666666666666,15.333333333333332,400.00000000000006,330,0,390,189.99999999999983,1e3,1200,0,0,0,176.00000000000017,729.9999999999999,630,600,0,0
24.499999999999996,73.5,9.333333333333332,18.666666666666664,400.00000000000006,330,0,390,87.99999999999997,1e3,1200,0,0,0,125.0000000000002,729.9999999999999,630,600,0,0
25.25,75.75000000000001,14,28.000000000000004,400.00000000000006,330,0,390,92,1e3,1200,0,0,0,84.00000000000001,729.9999999999999,630,600,0,0
39.5,118.50000000000001,24.666666666666664,49.333333333333336,400.00000000000006,330,0,289.9999999999998,0,1e3,1200,0,0,0,41.99999999999987,729.9999999999999,630,600,0,0
60.75,182.25,39,78,400.00000000000006,330,0,155.99999999999977,0,1e3,1200,0,0,0,5.000000000000055,729.9999999999999,630,600,0,0
87,261,55,110,400.00000000000006,330,0,197.99999999999983,0,1e3,1200,0,0,0,216.99999999999986,729.9999999999999,630,600,0,0
119,357,72.33333333333333,144.66666666666666,400.00000000000006,330,0,318,0,1e3,1200,0,0,0,323.00000000000006,729.9999999999999,630,600,0,0
173.25,519.75,97,194.00000000000003,334,330,0,0,0,1e3,1200,0,0,0,178.00000000000006,729.9999999999999,630,600,0,0
218.75,656.25,117,234,0,251.9999999999998,0,0,0,1e3,1e3,0,0,0,0,729.9999999999999,630,600,0,0
246.25,738.75,133,266,0,0,0,0,0,966.0000000000001,764.0000000000001,0,0,0,0,729.9999999999999,630,600,0,0
272,816,156,312,0,0,0,0,0,687.9999999999999,546,0,0,0,0,729.9999999999999,630,600,0,0
291.25,873.75,175.66666666666666,351.3333333333333,94.00000000000024,330,0,0,0,0,0,0,0,0,318.0000000000001,729.9999999999999,630,600,0,0
304.5,913.5000000000001,186,372,0,202.00000000000009,0,0,0,0,0,0,0,0,111.00000000000004,729.9999999999999,630,600,0,0
369.74999999999994,1109.25,187,374.00000000000006,0,0,0,0,0,0,0,0,0,0,0,729.9999999999999,436,418,0,0
410.49999999999994,1231.5000000000002,206,412,0,0,0,0,0,0,0,0,0,0,0,729.9999999999999,54.999999999999986,170.00000000000003,0,0
416.75,1250.25,222.33333333333331,444.6666666666667,0,0,0,0,0,0,0,0,0,0,0,643.0000000000002,0,124.00000000000028,0,0
453.75,1361.25,242.33333333333331,484.66666666666663,0,0,0,0,0,0,0,0,0,0,0,476,0,28.00000000000003,0,0
384.75000000000006,1505.2500000000002,254.66666666666666,509.33333333333337,0,0,0,0,0,0,0,0,0,0,0,419.99999999999994,0,0,0,0
315.00000000000006,1704.0000000000002,266.66666666666663,533.3333333333334,0,0,0,0,0,0,0,0,0,0,0,401,0,0,0,0
523.5000000000005,1858.5,273.66666666666663,547.3333333333333,0,0,0,0,0,0,0,0,0,0,0,632.9999999999999,0,0,0,0
674,2022.0000000000002,284.66666666666663,569.3333333333333,0,0,0,0,0,0,0,0,0,0,0,729.9999999999999,345.99999999999994,202.9999999999998,0,0
712.75,2138.25,290.66666666666663,581.3333333333334,0,0,0,0,0,0,0,0,0,0,0,729.9999999999999,435.0000000000001,208.99999999999997,0,0
736.75,2210.25,297.66666666666663,595.3333333333333,0,0,0,0,0,0,0,0,0,0,0,729.9999999999999,185.00000000000023,37.00000000000012,0,0
739.9999999999999,2259,305.3333333333333,610.6666666666666,0,0,0,0,0,0,0,0,0,0,0,729.9999999999999,219.0000000000001,0,0,0
648.0000000000001,2307.0000000000005,309,618.0000000000001,0,0,0,0,0,0,0,0,0,0,0,729.9999999999999,261.99999999999994,0,0,0
469.0000000000001,2358,317,634.0000000000001,0,0,0,0,0,0,0,0,0,0,0,729.9999999999999,209.00000000000014,0,0,0
456.5000000000001,2386.5,323.66666666666663,647.3333333333334,0,0,0,0,0,0,0,0,0,0,0,729.9999999999999,168.00000000000009,0,0,0
201.7499999999999,2492.25,326,652,0,0,0,0,0,0,0,0,0,0,0,729.9999999999999,139.0000000000001,0,0,0
73.25000000000023,2541.75,327,654,0,0,0,0,0,0,0,0,0,0,0,729.9999999999999,139.0000000000001,0,0,0
197.2500000000004,2535.75,327.66666666666663,655.3333333333333,0,0,0,0,0,0,0,0,0,0,0,729.9999999999999,375.0000000000002,0,0,0
400.2500000000002,2532.75,324.66666666666663,649.3333333333333,0,0,0,0,0,0,0,0,0,0,0,729.9999999999999,506.00000000000034,0,0,0
254.25000000000017,2547.7500000000005,321.3333333333333,642.6666666666666,0,0,0,0,0,0,0,0,0,0,0,729.9999999999999,489,0,0,0
209.0000000000002,2430,313.3333333333333,626.6666666666666,0,0,0,0,0,0,0,0,0,0,0,729.9999999999999,222.0000000000001,0,0,0
317.50000000000006,2125.5,292,584,0,0,0,0,0,0,0,0,0,0,0,729.9999999999999,111.00000000000009,0,0,0
370.5000000000001,1891.5000000000002,273.66666666666663,547.3333333333333,0,0,0,0,0,0,0,0,0,0,0,729.9999999999999,35.00000000000024,0,0,0
320.5000000000002,1768.5000000000002,249.66666666666666,499.3333333333332,0,0,0,0,0,0,0,0,0,0,0,699,0,0,0,0
242.7500000000002,1661.25,217.33333333333331,434.66666666666663,0,0,0,0,0,0,0,0,0,0,0,699,0,0,0,0
233.5,1525.5000000000002,188.66666666666666,377.33333333333337,0,0,0,0,0,0,0,0,0,0,0,691.0000000000001,0,0,0,0
250.50000000000014,1411.5,166.33333333333331,332.66666666666663,0,0,0,0,0,0,0,0,0,0,0,705.0000000000002,0,0,0,0
386.50000000000006,1261.5,144.66666666666666,289.3333333333333,0,0,0,0,0,0,0,0,0,0,0,729.9999999999999,21.000000000000085,0,0,0
387.5,1162.5,127,254.00000000000003,0,0,0,0,0,0,0,0,0,0,0,729.9999999999999,266.0000000000003,154.00000000000017,0,0
359.25,1077.7500000000002,110.33333333333333,220.66666666666666,0,0,0,0,0,0,0,0,0,0,0,729.9999999999999,515,314.00000000000017,0,0
331.24999999999994,993.75,91.66666666666666,183.33333333333334,0,0,0,0,0,0,329.99999999999994,0,0,0,0,729.9999999999999,630,583,0,0
317.25,951.75,77.33333333333333,154.66666666666669,0,0,0,0,0,464.00000000000006,623,0,0,0,0,729.9999999999999,630,600,0,0
311.25,933.75,71.66666666666666,143.33333333333331,0,6.999999999999966,0,0,0,1e3,940.0000000000001,0,0,0,0,729.9999999999999,630,600,0,0
304.25,912.75,65,130.00000000000003,0,158.0000000000001,0,0,0,1e3,1101,0,0,0,0,729.9999999999999,630,600,0,0
286.75,860.2500000000001,58,116.00000000000001,0,168.99999999999972,0,0,0,1e3,1137.0000000000002,0,0,0,0,729.9999999999999,630,600,0,0
271.75,815.25,46.33333333333333,92.66666666666666,0,292.9999999999998,0,0,0,1e3,1172.0000000000002,0,0,0,0,729.9999999999999,630,600,0,0
243.5,730.5,35.33333333333333,70.66666666666667,100.99999999999991,330,0,0,0,1e3,1200,0,0,0,5.000000000000237,729.9999999999999,630,600,0,0
228.25,684.75,29.333333333333332,58.66666666666667,90.99999999999987,330,0,0,0,1e3,1200,0,0,0,44.99999999999988,729.9999999999999,630,600,0,0
223,669,24.666666666666664,49.333333333333336,131.00000000000009,330,0,0,0,1e3,1200,0,0,0,57.000000000000114,729.9999999999999,630,600,0,0
223.5,670.5,24.333333333333332,48.66666666666667,0,310.9999999999999,0,0,0,1e3,1200,0,0,0,24.000000000000092,729.9999999999999,630,600,0,0
230.49999999999997,691.5,24.666666666666664,49.333333333333336,0,206.99999999999986,0,0,0,1e3,1200,0,0,0,4.99999999999998,729.9999999999999,630,600,0,0
220.24999999999997,660.75,25,50.00000000000001,17.00000000000001,330,0,0,0,1e3,1200,0,0,0,233.00000000000009,729.9999999999999,630,600,0,0
195.99999999999997,588,26.666666666666664,53.333333333333336,310.99999999999994,330,0,0,0,1e3,1200,0,0,0,347.00000000000017,729.9999999999999,630,600,0,0
174,522,26,52.00000000000001,218.00000000000006,330,0,0,0,1e3,1200,0,0,0,269.00000000000017,729.9999999999999,630,600,0,0
162.5,487.5,24.333333333333332,48.66666666666667,35.00000000000002,330,0,0,0,1e3,1200,0,0,0,4.999999999999872,729.9999999999999,630,600,0,0
153.5,460.50000000000006,23,46,0,203.99999999999974,0,0,0,1e3,1070.0000000000002,0,0,0,0,729.9999999999999,630,600,0,0
139.75,419.25,21.333333333333332,42.666666666666664,0,128.99999999999994,0,0,0,1e3,950.0000000000002,0,0,0,0,729.9999999999999,630,600,0,0
121,363,21.333333333333332,42.666666666666664,400.00000000000006,330,0,303.9999999999997,0,0,0,0,61.999999999999964,400.00000000000006,350.00000000000006,729.9999999999999,630,600,0,0
109,327,19,38,400.00000000000006,330,0,190.99999999999994,0,0,0,0,0,324.99999999999994,350.00000000000006,729.9999999999999,630,600,0,0
134.75,404.25,12.333333333333332,24.666666666666668,339.00000000000006,330,0,0,0,0,0,0,0,217.00000000000006,350.00000000000006,729.9999999999999,630,600,0,0
136.25,408.75000000000006,14.333333333333332,28.666666666666664,267.99999999999994,330,0,0,0,0,0,0,0,131.00000000000009,350.00000000000006,729.9999999999999,630,600,0,0
137.25,411.75000000000006,16.333333333333332,32.666666666666664,245.99999999999986,330,0,0,0,0,0,0,0,87.99999999999997,350.00000000000006,729.9999999999999,630,600,0,0
133.25,399.75,16.333333333333332,32.666666666666664,301.0000000000001,330,0,0,0,0,0,0,0,108.99999999999996,350.00000000000006,729.9999999999999,630,600,0,0
129,387,15.333333333333332,30.666666666666664,360.00000000000006,330,0,0,0,0,0,0,0,151.00000000000006,350.00000000000006,729.9999999999999,630,600,0,0
123,369.00000000000006,16.333333333333332,32.666666666666664,0,0,0,0,0,844.9999999999999,602.0000000000001,0,0,0,0,729.9999999999999,630,600,0,0
115.24999999999999,345.75,13.666666666666666,27.333333333333336,0,287,0,0,0,1e3,840.0000000000001,0,0,0,0,729.9999999999999,630,600,0,0
97.49999999999999,292.5,11.333333333333332,22.666666666666664,400.00000000000006,330,0,166,0,1e3,1148,0,0,0,0,729.9999999999999,630,600,0,0
79.25,237.75000000000003,10,20,400.00000000000006,330,0,379,0,1e3,1200,0,0,0,51.99999999999985,729.9999999999999,630,600,0,0
66.25,198.75,12.333333333333332,24.666666666666668,400.00000000000006,330,0,390,4.999999999999902,1e3,1200,0,0,0,65.00000000000017,729.9999999999999,630,600,0,0
62.24999999999999,186.75,20.333333333333332,40.66666666666667,400.00000000000006,330,0,390,70.99999999999974,1e3,1200,0,0,0,62.99999999999982,729.9999999999999,630,600,0,0
54.75,164.25,25,50.00000000000001,400.00000000000006,330,0,390,95.99999999999999,1e3,1200,0,0,0,34.00000000000002,729.9999999999999,630,600,0,0
56.75,170.25,32.33333333333333,64.66666666666666,400.00000000000006,330,0,390,6.999999999999835,1e3,1200,0,0,0,0,729.9999999999999,630,600,0,0
72,216,40.33333333333333,80.66666666666666,400.00000000000006,330,0,330.9999999999998,0,1e3,1153,0,0,0,0,729.9999999999999,630,600,0,0
87,261,47.666666666666664,95.33333333333333,400.00000000000006,330,0,128.9999999999998,0,1e3,1096.9999999999998,0,0,0,0,729.9999999999999,630,600,0,0
102.49999999999999,307.5,58.33333333333333,116.66666666666667,400.00000000000006,330,0,24.00000000000004,0,1e3,1050,0,0,0,0,729.9999999999999,630,600,0,0
109.5,328.5,66.33333333333333,132.66666666666666,400.00000000000006,330,0,98.99999999999979,0,1e3,1200,0,0,0,85.99999999999989,729.9999999999999,630,600,0,0
107.99999999999999,324,72.33333333333333,144.66666666666666,400.00000000000006,330,0,335,0,1e3,1200,0,0,0,203.99999999999997,729.9999999999999,630,600,0,0
106.25,318.75,76.33333333333333,152.66666666666666,400.00000000000006,330,0,164.99999999999974,0,1e3,1200,0,0,0,121.00000000000006,729.9999999999999,630,600,0,0
112.74999999999999,338.25,76.33333333333333,152.66666666666666,330.99999999999994,330,0,0,0,1e3,1059,0,0,0,0,729.9999999999999,630,600,0,0
124,372,76.66666666666666,153.33333333333331,92.99999999999996,330,0,0,0,1e3,902.9999999999999,0,0,0,0,729.9999999999999,630,600,0,0
132.75,398.25000000000006,93.66666666666666,187.33333333333331,0,222.00000000000003,0,0,0,1e3,712.0000000000001,0,0,0,0,729.9999999999999,630,600,0,0
138,414.00000000000006,99.33333333333333,198.66666666666666,400.00000000000006,330,0,233.99999999999977,0,0,0,0,0,165.00000000000009,350.00000000000006,729.9999999999999,630,600,0,0
147.75,443.25000000000006,89.66666666666666,179.33333333333334,400.00000000000006,330,0,13.999999999999966,0,0,0,0,0,57.00000000000009,350.00000000000006,729.9999999999999,630,600,0,0
200.49999999999997,601.5,94.33333333333333,188.66666666666669,66.00000000000018,330,0,0,0,0,0,0,0,0,315.0000000000001,729.9999999999999,630,600,0,0
219.24999999999997,657.75,97,194.00000000000003,0,243.00000000000017,0,0,0,0,0,0,0,0,259.00000000000017,729.9999999999999,630,600,0,0
230.74999999999997,692.2500000000001,109.33333333333333,218.66666666666669,0,184.99999999999997,0,0,0,0,0,0,0,0,202.00000000000009,729.9999999999999,630,600,0,0
243,729.0000000000001,117.66666666666666,235.33333333333334,0,137.9999999999999,0,0,0,0,0,0,0,0,202.00000000000006,729.9999999999999,630,600,0,0
256.25,768.7500000000001,125,250,0,135.0000000000001,0,0,0,0,0,0,0,0,210.00000000000009,729.9999999999999,630,600,0,0
271.5,814.5000000000001,142.66666666666666,285.3333333333333,0,0,0,0,0,232.9999999999999,217.00000000000017,0,0,0,0,729.9999999999999,630,600,0,0
297,891.0000000000001,147.66666666666666,295.3333333333333,0,0,0,0,0,543.0000000000001,384,0,0,0,0,729.9999999999999,630,600,0,0
306.5,919.5,148,296,0,27.999999999999865,0,0,0,1e3,679.0000000000001,0,0,0,0,729.9999999999999,630,600,0,0
326.25,978.7500000000001,149,298.00000000000006,0,77.00000000000007,0,0,0,1e3,794,0,0,0,0,729.9999999999999,630,600,0,0
339.5,1018.5000000000001,141.66666666666666,283.3333333333333,0,0,0,0,0,972,833,0,0,0,0,729.9999999999999,630,600,0,0
341.49999999999994,1024.5000000000002,133.33333333333331,266.6666666666667,0,12.999999999999908,0,0,0,1e3,862,0,0,0,0,729.9999999999999,630,600,0,0
302.5,907.5000000000001,117.66666666666666,235.33333333333334,0,128.99999999999994,0,0,0,1e3,887.9999999999999,0,0,0,0,729.9999999999999,630,600,0,0
294.5,883.5000000000001,108.33333333333333,216.66666666666669,0,25.99999999999999,0,0,0,1e3,901.9999999999999,0,0,0,0,729.9999999999999,630,600,0,0
298.24999999999994,894.7500000000001,104.33333333333333,208.66666666666666,0,0,0,0,0,972.9999999999999,902.9999999999999,0,0,0,0,729.9999999999999,630,600,0,0
306.75,920.2500000000001,104,208.00000000000003,0,0,0,0,0,743.9999999999999,872.0000000000001,0,0,0,0,729.9999999999999,630,600,0,0
320.49999999999994,961.5,116.66666666666666,233.33333333333334,0,0,0,0,0,648.0000000000001,826.0000000000002,0,0,0,0,729.9999999999999,630,600,0,0
331.49999999999994,994.5000000000001,130.66666666666666,261.3333333333333,0,0,0,0,0,711.9999999999997,1047,0,0,0,0,729.9999999999999,630,600,0,0
335.5,1006.5000000000001,135.66666666666666,271.33333333333337,0,0,0,0,0,911.9999999999998,1157.9999999999998,0,0,0,0,729.9999999999999,630,600,0,0
320.49999999999994,961.5,146.33333333333331,292.66666666666663,0,0,0,0,0,852,1077,0,0,0,0,729.9999999999999,630,600,0,0
322.24999999999994,966.7500000000001,153.33333333333331,306.66666666666663,0,0,0,0,0,613.0000000000001,737.0000000000003,0,0,0,0,729.9999999999999,630,600,0,0
322.74999999999994,968.25,143.66666666666666,287.33333333333337,0,0,0,0,0,402.0000000000001,619.0000000000001,0,0,0,0,729.9999999999999,630,600,0,0
328.5,985.5000000000001,128.66666666666666,257.3333333333333,0,0,0,0,0,208,545.0000000000001,0,0,0,0,729.9999999999999,630,600,0,0
347.25,1041.75,117.66666666666666,235.33333333333334,0,0,0,0,0,0,0,0,0,89.00000000000027,350.00000000000006,729.9999999999999,630,595.0000000000001,0,0
343.75,1031.25,107.33333333333333,214.66666666666666,0,0,0,0,0,0,0,0,0,0,240.00000000000006,729.9999999999999,630,466.00000000000006,0,0
345.75,1037.25,116,232.00000000000003,0,0,0,0,0,0,0,0,0,0,0,729.9999999999999,569.0000000000003,299.0000000000002,0,0
353.5,1060.5,118.33333333333333,236.66666666666666,0,0,0,0,0,0,0,0,0,0,0,729.9999999999999,373.0000000000002,179.0000000000002,0,0
364.5,1093.5,129.33333333333331,258.66666666666663,0,0,0,0,0,0,0,0,0,0,0,729.9999999999999,239,117.99999999999994,0,0
354.75,1064.25,130.66666666666666,261.3333333333333,0,0,0,0,0,0,0,0,0,0,0,729.9999999999999,253.99999999999991,147.99999999999991,0,0
362.24999999999994,1086.75,130.66666666666666,261.3333333333333,0,0,0,0,0,0,0,0,0,0,0,729.9999999999999,259.0000000000002,148.00000000000006,0,0
370.74999999999994,1112.25,136,272,0,0,0,0,0,0,0,0,0,0,0,729.9999999999999,295.0000000000003,172.00000000000023,0,0
388,1164,134.66666666666666,269.3333333333333,0,0,0,0,0,0,0,0,0,0,0,729.9999999999999,419.99999999999983,228.9999999999999,0,0
394.75,1184.2500000000002,138.66666666666666,277.3333333333333,0,0,0,0,0,0,171.99999999999991,0,0,0,0,729.9999999999999,630,513,0,0
414.25,1242.75,143.66666666666666,287.33333333333337,0,0,0,0,0,45.000000000000085,386,0,0,0,0,729.9999999999999,630,600,0,0
407.75,1223.25,138,276.00000000000006,0,0,0,0,0,157.99999999999986,524,0,0,0,0,729.9999999999999,630,600,0,0
399.24999999999994,1197.75,135,270,0,0,0,0,0,265.0000000000003,613.0000000000001,0,0,0,0,729.9999999999999,630,600,0,0
380.24999999999994,1140.75,120.66666666666666,241.33333333333334,0,0,0,0,0,337.99999999999994,697,0,0,0,0,729.9999999999999,630,600,0,0
364.25,1092.75,119.33333333333333,238.66666666666666,0,0,0,0,0,343.99999999999994,704.0000000000001,0,0,0,0,729.9999999999999,630,600,0,0
353.75,1061.25,119,238.00000000000003,0,0,0,0,0,327.99999999999994,678.0000000000001,0,0,0,0,729.9999999999999,630,600,0,0
342.49999999999994,1027.5,113,226,0,0,0,0,0,263.0000000000001,681.9999999999999,0,0,0,0,729.9999999999999,630,600,0,0
351.49999999999994,1054.5000000000002,123.33333333333333,246.66666666666669,0,0,0,0,0,249.99999999999977,705,0,0,0,0,729.9999999999999,630,600,0,0
361.24999999999994,1083.75,140,280,0,0,0,0,0,341.0000000000001,903.9999999999998,0,0,0,0,729.9999999999999,630,600,0,0
361.74999999999994,1085.25,150,300,0,0,0,0,0,555.9999999999999,991,0,0,0,0,729.9999999999999,630,600,0,0
385.5,1156.5000000000002,171.33333333333331,342.6666666666667,0,0,0,0,0,369.99999999999983,875.0000000000001,0,0,0,0,729.9999999999999,630,600,0,0
424.75,1274.25,188.66666666666666,377.33333333333337,0,0,0,0,0,18.000000000000124,545.9999999999999,0,0,0,0,729.9999999999999,630,600,0,0
440.24999999999994,1320.75,194.33333333333331,388.6666666666667,0,0,0,0,0,0,222.00000000000006,0,0,0,0,729.9999999999999,630,411,0,0
426,1278.0000000000002,192,384,0,0,0,0,0,0,0,0,0,0,0,729.9999999999999,588.0000000000001,241.99999999999994,0,0
418.74999999999994,1256.2500000000002,187.66666666666666,375.3333333333333,0,0,0,0,0,0,0,0,0,0,0,729.9999999999999,413.00000000000006,150,0,0
398.75,1196.25,167.33333333333331,334.6666666666667,0,0,0,0,0,0,0,0,0,0,0,729.9999999999999,356.0000000000001,123.99999999999999,0,0
379.49999999999994,1138.5,154.66666666666666,309.33333333333337,0,0,0,0,0,0,0,0,0,0,0,729.9999999999999,255.0000000000001,88.00000000000014,0,0
366.25,1098.7500000000002,141.66666666666666,283.3333333333333,0,0,0,0,0,0,0,0,0,0,0,729.9999999999999,240.0000000000002,98.00000000000004,0,0
346.5,1039.5,144.66666666666666,289.3333333333333,0,0,0,0,0,0,0,0,0,0,0,729.9999999999999,270.0000000000002,177.00000000000014,0,0
327.75,983.2500000000001,147.66666666666666,295.3333333333333,0,0,0,0,0,0,0,0,0,0,0,729.9999999999999,327,256.99999999999994,0,0
351.49999999999994,1054.5000000000002,152.66666666666666,305.3333333333333,0,0,0,0,0,0,0,0,0,0,0,729.9999999999999,258.0000000000001,199.99999999999991,0,0
368.5,1105.5,170.33333333333331,340.66666666666663,0,0,0,0,0,0,0,0,0,0,0,729.9999999999999,193.0000000000001,161.99999999999983,0,0
370.49999999999994,1111.5,170,340,0,0,0,0,0,0,0,0,0,0,0,729.9999999999999,338.0000000000002,241,0,0
355,1065,163.33333333333331,326.66666666666663,0,0,0,0,0,0,134.00000000000017,0,0,0,0,729.9999999999999,630,555.0000000000001,0,0
377.5,1132.5,160.66666666666666,321.3333333333333,0,0,0,0,0,7.000000000000052,314.00000000000006,0,0,0,0,729.9999999999999,630,600,0,0
393.25,1179.75,161,322.00000000000006,0,0,0,0,0,49.00000000000011,427.00000000000006,0,0,0,0,729.9999999999999,630,600,0,0
398.99999999999994,1197,153.66666666666666,307.3333333333333,0,0,0,0,0,88.00000000000011,536.0000000000001,0,0,0,0,729.9999999999999,630,600,0,0
389.24999999999994,1167.75,145.33333333333331,290.6666666666667,0,0,0,0,0,176.00000000000023,621,0,0,0,0,729.9999999999999,630,600,0,0
379.49999999999994,1138.5,135.66666666666666,271.33333333333337,0,0,0,0,0,164.99999999999991,637.0000000000001,0,0,0,0,729.9999999999999,630,600,0,0
373.5,1120.5,134.33333333333331,268.66666666666663,0,0,0,0,0,163.00000000000006,641.0000000000001,0,0,0,0,729.9999999999999,630,600,0,0
361.99999999999994,1085.9999999999998,131.66666666666666,263.33333333333337,0,0,0,0,0,89.99999999999987,647.0000000000002,0,0,0,0,729.9999999999999,630,600,0,0
388,1164.0000000000002,136.66666666666666,273.3333333333333,0,0,0,0,0,0,646,0,0,0,0,729.9999999999999,630,597.0000000000001,0,0
416.25,1248.75,142.33333333333331,284.66666666666663,0,0,0,0,0,37.00000000000022,909.9999999999998,0,0,0,0,729.9999999999999,630,600,0,0
443.25,1329.75,155.66666666666666,311.3333333333333,0,0,0,0,0,241.00000000000006,1052,0,0,0,0,729.9999999999999,630,600,0,0
500,1500,179.66666666666666,359.3333333333333,0,0,0,0,0,0,811.0000000000005,0,0,0,0,729.9999999999999,630,491.00000000000017,0,0
542.5,1627.5000000000002,181.66666666666666,363.33333333333337,0,0,0,0,0,0,169.9999999999999,0,0,0,0,729.9999999999999,630,132.99999999999991,0,0
538,1614.0000000000002,170.66666666666666,341.3333333333333,0,0,0,0,0,0,0,0,0,0,0,729.9999999999999,577.9999999999999,5.9999999999998535,0,0
418.5,1615.5000000000002,169.66666666666666,339.33333333333337,0,0,0,0,0,0,0,0,0,0,0,729.9999999999999,454.00000000000006,0,0,0
215.75000000000023,1679.25,163.33333333333331,326.66666666666663,0,0,0,0,0,0,0,0,0,0,0,729.9999999999999,294.0000000000001,0,0,0
166.99999999999977,1614.0000000000002,164.66666666666666,329.3333333333333,0,0,0,0,0,0,0,0,0,0,0,729.9999999999999,188.00000000000006,0,0,0
0,1695.0000000000002,207.66666666666666,415.3333333333334,0,0,0,0,0,0,0,0,0,0,0,712.9999999999998,0,0,0,0
0,1625,222.66666666666666,445.3333333333333,0,0,0,0,0,0,0,0,0,0,0,616.9999999999999,0,0,0,0
0,1572,241,482.00000000000006,0,0,0,0,0,0,0,0,0,0,0,540,0,0,0,0
0,1602.0000000000002,247.33333333333331,494.66666666666663,0,0,0,0,0,0,0,0,0,0,0,544.9999999999999,0,0,0,0
0,1685,250.33333333333331,500.66666666666663,0,0,0,0,0,0,0,0,0,0,0,576,0,0,0,0
0,1813.0000000000002,268,536.0000000000001,0,0,0,0,0,0,0,0,0,0,0,622,0,0,0,0
110.49999999999994,2146.5000000000005,278.3333333333333,556.6666666666666,0,0,0,0,0,0,0,0,0,0,0,729.9999999999999,46.0000000000002,0,0,0
668.0000000000002,2178,287,574.0000000000001,0,0,0,0,0,0,0,0,0,0,0,729.9999999999999,273.00000000000006,0,0,0
698.2500000000001,2271.75,294.66666666666663,589.3333333333333,0,0,0,0,0,0,0,0,0,0,0,729.9999999999999,369,0,0,0
608.2500000000001,2292.75,297.66666666666663,595.3333333333333,0,0,0,0,0,0,0,0,0,0,0,729.9999999999999,397.0000000000003,0,0,0
681.7499999999998,2261.2500000000005,297.3333333333333,594.6666666666666,0,0,0,0,0,0,0,0,0,0,0,729.9999999999999,392.0000000000001,0,0,0
720.7500000000002,2249.25,289.66666666666663,579.3333333333333,0,0,0,0,0,0,0,0,0,0,0,729.9999999999999,421.00000000000034,0,0,0
604.2500000000001,2271.75,294,588,0,0,0,0,0,0,0,0,0,0,0,729.9999999999999,381.0000000000001,0,0,0
533.4999999999999,2317.5000000000005,305.3333333333333,610.6666666666666,0,0,0,0,0,0,0,0,0,0,0,729.9999999999999,353.0000000000002,0,0,0
455.50000000000057,2335.5,303,606.0000000000001,0,0,0,0,0,0,0,0,0,0,0,729.9999999999999,338.00000000000006,0,0,0
383.00000000000006,2358,306,612.0000000000001,0,0,0,0,0,0,0,0,0,0,0,729.9999999999999,323.00000000000006,0,0,0
441.50000000000006,2410.5,311.66666666666663,623.3333333333333,0,0,0,0,0,0,0,0,0,0,0,729.9999999999999,579.0000000000002,0,0,0
641.4999999999998,2434.5,312.66666666666663,625.3333333333334,0,0,0,0,0,0,98.99999999999996,0,0,0,0,729.9999999999999,630,0,0,0
417.0000000000001,2472,314,628,0,0,0,0,0,0,6.999999999999939,0,0,0,0,729.9999999999999,630,0,0,0
158,2532.0000000000005,318,636,0,0,0,0,0,0,0,0,0,0,0,729.9999999999999,319.00000000000017,0,0,0
31.250000000000078,2487.75,316.66666666666663,633.3333333333333,0,0,0,0,0,0,0,0,0,0,0,729.9999999999999,163.00000000000009,0,0,0
20.500000000000142,2362.5,311.66666666666663,623.3333333333333,0,0,0,0,0,0,0,0,0,0,0,729.9999999999999,30.000000000000025,0,0,0
0,2224,313.66666666666663,627.3333333333334,0,0,0,0,0,0,0,0,0,0,0,611.0000000000002,0,0,0,0
0,2044.0000000000002,306.3333333333333,612.6666666666667,0,0,0,0,0,0,0,0,0,0,0,519,0,0,0,0
0,1894,315.3333333333333,630.6666666666666,0,0,0,0,0,0,0,0,0,0,0,401,0,0,0,0
0,1822.0000000000002,319.3333333333333,638.6666666666666,0,0,0,0,0,0,0,0,0,0,0,327,0,0,0,0
32.00000000000005,1758,321.3333333333333,642.6666666666666,0,0,0,0,0,0,0,0,0,0,0,299.00000000000006,0,0,0,0
170.50000000000006,1612.5,319,638,0,0,0,0,0,0,0,0,0,0,0,319,0,0,0,0
280.5000000000001,1552.5000000000002,306,612.0000000000001,0,0,0,0,0,0,0,0,0,0,0,400,0,0,0,0
507.74999999999994,1523.25,291.3333333333333,582.6666666666666,0,0,0,0,0,0,0,0,0,0,0,539.0000000000002,0,23.000000000000103,0,0
471.99999999999994,1416,270.66666666666663,541.3333333333333,0,0,0,0,0,0,28.00000000000042,0,0,0,0,729.9999999999999,630,565.0000000000003,0,0
405.25,1215.75,253.66666666666666,507.33333333333337,0,0,0,0,0,745.0000000000001,365.99999999999994,0,0,0,0,729.9999999999999,630,600,0,0
361.24999999999994,1083.75,236.33333333333331,472.66666666666663,0,0,0,0,0,1e3,517.0000000000003,0,0,0,0,729.9999999999999,630,600,0,0
348.25,1044.75,217.66666666666666,435.3333333333333,0,0,0,0,0,995,607.9999999999999,0,0,0,0,729.9999999999999,630,600,0,0
348.5,1045.5000000000002,198,396,0,68.9999999999998,0,0,0,1e3,694,0,0,0,0,729.9999999999999,630,600,0,0
353,1059,177,354,0,50.999999999999986,0,0,0,1e3,746.9999999999998,0,0,0,0,729.9999999999999,630,600,0,0
364.25,1092.75,168.66666666666666,337.3333333333333,0,0,0,0,0,960.9999999999999,758.9999999999998,0,0,0,0,729.9999999999999,630,600,0,0
350.99999999999994,1053,166.33333333333331,332.66666666666663,0,0,0,0,0,970,754.9999999999999,0,0,0,0,729.9999999999999,630,600,0,0
336.5,1009.5,157,314.00000000000006,0,0,0,0,0,884,749.0000000000001,0,0,0,0,729.9999999999999,630,600,0,0
306.5,919.5,156.33333333333331,312.6666666666667,0,0,0,0,0,949.9999999999998,726.0000000000001,0,0,0,0,729.9999999999999,630,600,0,0
267.5,802.5000000000001,158.66666666666666,317.33333333333337,0,195.99999999999991,0,0,0,1e3,966.9999999999999,0,0,0,0,729.9999999999999,630,600,0,0
260,780,148.33333333333331,296.6666666666667,83.99999999999994,330,0,0,0,1e3,1137,0,0,0,0,729.9999999999999,630,600,0,0
275.75,827.25,164.66666666666666,329.3333333333333,0,196,0,0,0,1e3,1018.0000000000002,0,0,0,0,729.9999999999999,630,600,0,0
284,852.0000000000001,184.66666666666666,369.33333333333337,0,0,0,0,0,983,671,0,0,0,0,729.9999999999999,630,600,0,0
286.25,858.7500000000001,190,380,0,0,0,0,0,788.9999999999999,520,0,0,0,0,729.9999999999999,630,600,0,0
270.5,811.5000000000001,181,362,0,0,0,0,0,655.9999999999997,415.00000000000006,0,0,0,0,729.9999999999999,630,600,0,0
268.25,804.7500000000001,174,348,146.99999999999986,330,0,0,0,0,0,0,0,0,299.00000000000006,729.9999999999999,630,600,0,0
277,831.0000000000001,180.66666666666666,361.33333333333337,0,254.9999999999999,0,0,0,0,0,0,0,0,153.0000000000001,729.9999999999999,630,600,0,0
211.25,633.7500000000001,165.33333333333331,330.66666666666663,96.99999999999989,330,0,0,0,0,0,0,0,0,77.00000000000021,729.9999999999999,630,600,0,0
228.75,686.25,153,306.00000000000006,0,307.9999999999999,0,0,0,0,0,0,0,0,56.000000000000014,729.9999999999999,630,600,0,0
199,597,151.66666666666666,303.33333333333337,105.00000000000011,330,0,0,0,0,0,0,0,0,48.99999999999999,729.9999999999999,630,600,0,0
150.25,450.75,144,288,295.00000000000006,330,0,0,0,0,0,0,0,0,88.00000000000011,729.9999999999999,630,600,0,0
149.75,449.25,143,286,335.9999999999999,330,0,0,0,0,0,0,0,0,120.00000000000007,729.9999999999999,630,600,0,0
172.5,517.5,160.33333333333331,320.6666666666667,0,0,0,0,0,743,162,0,0,0,0,729.9999999999999,630,600,0,0
198.5,595.5,163.66666666666666,327.3333333333333,0,37.0000000000001,0,0,0,1e3,371.0000000000002,0,0,0,0,729.9999999999999,630,600,0,0
193.75,581.25,143,286,248.00000000000009,330,0,0,0,1e3,728,0,0,0,0,729.9999999999999,630,600,0,0
180.24999999999997,540.75,154.33333333333331,308.66666666666663,400.00000000000006,330,0,4.000000000000061,0,1e3,811.9999999999999,0,0,0,0,729.9999999999999,630,600,0,0
167.5,502.5,164,328.00000000000006,399.9999999999998,330,0,0,0,1e3,802.0000000000003,0,0,0,0,729.9999999999999,630,600,0,0
153.25,459.75,153,306.00000000000006,400.00000000000006,330,0,123.99999999999982,0,1e3,860.0000000000001,0,0,0,0,729.9999999999999,630,600,0,0
167.5,502.5,148.66666666666666,297.3333333333333,400.00000000000006,330,0,73.00000000000006,0,1e3,860.0000000000001,0,0,0,0,729.9999999999999,630,600,0,0
180.49999999999997,541.5,163.66666666666666,327.3333333333333,332.0000000000001,330,0,0,0,1e3,795.9999999999999,0,0,0,0,729.9999999999999,630,600,0,0
190.99999999999997,573,178,356,254.99999999999983,330,0,0,0,1e3,730.9999999999999,0,0,0,0,729.9999999999999,630,600,0,0
202.5,607.5,163.66666666666666,327.3333333333333,75.99999999999986,330,0,0,0,1e3,761.9999999999999,0,0,0,0,729.9999999999999,630,600,0,0
197.25,591.75,146.66666666666666,293.33333333333337,5.999999999999897,330,0,0,0,1e3,812.9999999999999,0,0,0,0,729.9999999999999,630,600,0,0
175.74999999999997,527.2500000000001,138.66666666666666,277.3333333333333,182,330,0,0,0,1e3,1076.9999999999998,0,0,0,0,729.9999999999999,630,600,0,0
171.49999999999997,514.5,137.66666666666666,275.3333333333333,400.00000000000006,330,0,35.99999999999994,0,1e3,1200,0,0,0,17.000000000000025,729.9999999999999,630,600,0,0
198,594,140,280,169.99999999999994,330,0,0,0,1e3,1128.9999999999998,0,0,0,0,729.9999999999999,630,600,0,0
209.74999999999997,629.25,148,296,0,290.99999999999994,0,0,0,1e3,816.9999999999999,0,0,0,0,729.9999999999999,630,600,0,0
222.25,666.75,147.33333333333331,294.66666666666663,0,88,0,0,0,1e3,687.0000000000001,0,0,0,0,729.9999999999999,630,600,0,0
249.99999999999997,750,143.33333333333331,286.66666666666663,0,0,0,0,0,775,572,0,0,0,0,729.9999999999999,630,600,0,0
270.75,812.2500000000001,150.66666666666666,301.33333333333337,164,330,0,0,0,0,0,0,0,66.99999999999999,350.00000000000006,729.9999999999999,630,600,0,0
270,810.0000000000001,170.66666666666666,341.3333333333333,5.999999999999809,330,0,0,0,0,0,0,0,0,242.0000000000001,729.9999999999999,630,600,0,0
189.5,568.5,148.33333333333331,296.6666666666667,200.00000000000003,330,0,0,0,0,0,0,0,0,149.00000000000014,729.9999999999999,630,600,0,0
193.5,580.5000000000001,137.66666666666666,275.3333333333333,107.00000000000007,330,0,0,0,0,0,0,0,0,117.00000000000004,729.9999999999999,630,600,0,0
189,567,138.33333333333331,276.66666666666663,116.00000000000009,330,0,0,0,0,0,0,0,0,94.00000000000016,729.9999999999999,630,600,0,0
199,597,151.33333333333331,302.6666666666667,107.99999999999986,330,0,0,0,0,0,0,0,0,100.0000000000002,729.9999999999999,630,600,0,0
199.74999999999997,599.25,145.66666666666666,291.3333333333333,124.00000000000007,330,0,0,0,0,0,0,0,0,133.00000000000009,729.9999999999999,630,600,0,0
168.25,504.75,151.33333333333331,302.66666666666663,0,0,0,0,0,727,203.00000000000014,0,0,0,0,729.9999999999999,630,600,0,0
157.75,473.25000000000006,167,334,0,155.99999999999977,0,0,0,1e3,392.0000000000001,0,0,0,0,729.9999999999999,630,600,0,0
144,432,162.66666666666666,325.33333333333337,400.00000000000006,330,0,9.999999999999826,0,1e3,683.0000000000001,0,0,0,0,729.9999999999999,630,600,0,0
133.25,399.75,156,312,400.00000000000006,330,0,159.9999999999999,0,1e3,807,0,0,0,0,729.9999999999999,630,600,0,0
143.75,431.25000000000006,146.66666666666666,293.33333333333337,400.00000000000006,330,0,88.9999999999998,0,1e3,858.9999999999999,0,0,0,0,729.9999999999999,630,600,0,0
115.75,347.25,113.33333333333333,226.66666666666669,400.00000000000006,330,0,265.99999999999994,0,1e3,988.0000000000003,0,0,0,0,729.9999999999999,630,600,0,0
58.49999999999999,175.5,81.66666666666666,163.33333333333331,400.00000000000006,330,0,390,77.99999999999989,1e3,1099.0000000000002,0,0,0,0,729.9999999999999,630,600,0,0
41.24999999999999,123.75000000000001,80.33333333333333,160.66666666666666,400.00000000000006,330,0,390,91.99999999999994,1e3,1080,0,0,0,0,729.9999999999999,630,600,0,0
37.24999999999999,111.75,99.33333333333333,198.66666666666666,400.00000000000006,330,0,390,127.99999999999994,1e3,996.0000000000002,0,0,0,0,729.9999999999999,630,600,0,0
35.75,107.25000000000001,112,224.00000000000003,400.00000000000006,330,0,375.9999999999997,0,1e3,943,0,0,0,0,729.9999999999999,630,600,0,0
40.5,121.50000000000001,122,244,400.00000000000006,330,0,286.9999999999999,0,1e3,905,0,0,0,0,729.9999999999999,630,600,0,0
43.5,130.5,115.33333333333333,230.66666666666666,400.00000000000006,330,0,347.9999999999999,0,1e3,1169,0,0,0,0,729.9999999999999,630,600,0,0
40.24999999999999,120.75,99,198,400.00000000000006,330,0,390,189.99999999999972,1e3,1200,0,0,0,169.99999999999991,729.9999999999999,630,600,0,0
35.75,107.25000000000001,90.33333333333333,180.66666666666669,400.00000000000006,330,0,390,47.99999999999969,1e3,1200,0,0,0,110.99999999999987,729.9999999999999,630,600,0,0
35.25,105.75,79.33333333333333,158.66666666666666,400.00000000000006,330,0,245.99999999999994,0,1e3,1060.0000000000002,0,0,0,0,729.9999999999999,630,600,0,0
41.49999999999999,124.5,75.66666666666666,151.33333333333331,400.00000000000006,330,0,46.000000000000036,0,1e3,952.0000000000001,0,0,0,0,729.9999999999999,630,600,0,0
40.5,121.50000000000001,75.33333333333333,150.66666666666669,274,330,0,0,0,1e3,837.0000000000002,0,0,0,0,729.9999999999999,630,600,0,0
35.25,105.75,68.66666666666666,137.33333333333334,400.00000000000006,330,0,390,325.9999999999998,0,0,0,0,375.00000000000006,350.00000000000006,729.9999999999999,630,600,0,0
27.75,83.25,44.33333333333333,88.66666666666666,400.00000000000006,330,0,390,158.0000000000001,0,0,0,0,269.0000000000001,350.00000000000006,729.9999999999999,630,600,0,0
28.249999999999996,84.75,28.333333333333332,56.66666666666667,400.00000000000006,330,0,390,27.00000000000005,0,0,0,0,191.00000000000014,350.00000000000006,729.9999999999999,630,600,0,0
23.749999999999996,71.25,21.333333333333332,42.666666666666664,400.00000000000006,330,0,386.99999999999983,0,0,0,0,0,133.99999999999997,350.00000000000006,729.9999999999999,630,600,0,0
25.25,75.75000000000001,20,40,400.00000000000006,330,0,382.99999999999983,0,0,0,0,0,124.00000000000004,350.00000000000006,729.9999999999999,630,600,0,0
21.249999999999996,63.75000000000001,18,36,400.00000000000006,330,0,390,6.999999999999835,0,0,0,0,150.00000000000014,350.00000000000006,729.9999999999999,630,600,0,0
20,60.00000000000001,16.666666666666664,33.333333333333336,400.00000000000006,330,0,390,67.99999999999991,0,0,0,0,177.0000000000001,350.00000000000006,729.9999999999999,630,600,0,0
23.749999999999996,71.25,13.333333333333332,26.666666666666668,6.0000000000000435,330,0,0,0,1e3,636.0000000000001,0,0,0,0,729.9999999999999,630,600,0,0
27.499999999999996,82.5,10.333333333333332,20.666666666666664,366.99999999999983,330,0,0,0,1e3,882,0,0,0,0,729.9999999999999,630,600,0,0
33,99.00000000000001,11,22.000000000000004,400.00000000000006,330,0,390,81.00000000000001,1e3,1158,0,0,0,0,729.9999999999999,630,600,0,0
46.24999999999999,138.75,14,28.000000000000004,400.00000000000006,330,0,390,150,1e3,1200,0,0,0,60.999999999999844,729.9999999999999,630,600,0,0
53.99999999999999,162,16.666666666666664,33.333333333333336,400.00000000000006,330,0,390,62.99999999999992,1e3,1200,0,0,0,61.00000000000023,729.9999999999999,630,600,0,0
54.5,163.5,21,42.00000000000001,400.00000000000006,330,0,390,68.99999999999977,1e3,1200,0,0,0,61.99999999999993,729.9999999999999,630,600,0,0
54.99999999999999,165,24.333333333333332,48.66666666666667,400.00000000000006,330,0,390,4.999999999999815,1e3,1200,0,0,0,28.00000000000007,729.9999999999999,630,600,0,0
64,192,30.333333333333332,60.66666666666667,400.00000000000006,330,0,219.99999999999997,0,1e3,1176,0,0,0,0,729.9999999999999,630,600,0,0
75.74999999999999,227.25000000000003,40,80,400.00000000000006,330,0,70.99999999999999,0,1e3,1118.0000000000002,0,0,0,0,729.9999999999999,630,600,0,0
80.74999999999999,242.25000000000003,43,86.00000000000001,240.99999999999986,330,0,0,0,1e3,1075.0000000000002,0,0,0,0,729.9999999999999,630,600,0,0
82.25,246.75,49.666666666666664,99.33333333333333,205.99999999999983,330,0,0,0,1e3,1039.0000000000002,0,0,0,0,729.9999999999999,630,600,0,0
93.25,279.75,60.666666666666664,121.33333333333334,274.00000000000006,330,0,0,0,1e3,1200,0,0,0,54.00000000000006,729.9999999999999,630,600,0,0
104.99999999999999,315,71,142.00000000000003,400.00000000000006,330,0,94.00000000000006,0,1e3,1200,0,0,0,186.99999999999997,729.9999999999999,630,600,0,0
136.5,409.50000000000006,62,124.00000000000001,228.00000000000003,330,0,0,0,1e3,1200,0,0,0,161.00000000000017,729.9999999999999,630,600,0,0
147.5,442.5,64.33333333333333,128.66666666666666,0,274.99999999999983,0,0,0,1e3,1062,0,0,0,0,729.9999999999999,630,600,0,0
144,432,71.66666666666666,143.33333333333331,0,95.99999999999987,0,0,0,1e3,894.0000000000001,0,0,0,0,729.9999999999999,630,600,0,0
150.5,451.49999999999994,70,140,0,0,0,0,0,934.9999999999999,785.0000000000001,0,0,0,0,729.9999999999999,630,600,0,0
163,489.00000000000006,76.33333333333333,152.66666666666666,400.00000000000006,330,0,0,0,0,0,0,0,294.0000000000001,350.00000000000006,729.9999999999999,630,600,0,0
149.75,449.25,80.33333333333333,160.66666666666666,323,330,0,0,0,0,0,0,0,146.00000000000009,350.00000000000006,729.9999999999999,630,600,0,0
148.5,445.50000000000006,78.33333333333333,156.66666666666666,205.99999999999994,330,0,0,0,0,0,0,0,29.00000000000001,350.00000000000006,729.9999999999999,630,600,0,0
145.75,437.25000000000006,75.33333333333333,150.66666666666669,105.99999999999994,330,0,0,0,0,0,0,0,0,311.0000000000001,729.9999999999999,630,600,0,0
148.75,446.25000000000006,73.33333333333333,146.66666666666669,35.99999999999989,330,0,0,0,0,0,0,0,0,299.00000000000006,729.9999999999999,630,600,0,0
141.25,423.75000000000006,63,126,72,330,0,0,0,0,0,0,0,0,320.00000000000006,729.9999999999999,630,600,0,0
135,405.00000000000006,64.66666666666666,129.33333333333331,121.0000000000001,330,0,0,0,0,0,0,0,0,319.0000000000001,729.9999999999999,630,600,0,0
128.25,384.75,67.33333333333333,134.66666666666666,0,0,0,0,0,547.0000000000001,343.99999999999994,0,0,0,0,729.9999999999999,630,600,0,0
130,390.00000000000006,73.33333333333333,146.66666666666669,0,0,0,0,0,675.9999999999998,399.00000000000006,0,0,0,0,729.9999999999999,630,600,0,0
133.25,399.75,63,126,0,0,0,0,0,953.9999999999998,537.0000000000001,0,0,0,0,729.9999999999999,630,600,0,0
131.74999999999997,395.25,52,104.00000000000001,0,137.00000000000003,0,0,0,1e3,694,0,0,0,0,729.9999999999999,630,600,0,0
135.5,406.5,56.33333333333333,112.66666666666666,0,225.99999999999994,0,0,0,1e3,792.0000000000001,0,0,0,0,729.9999999999999,630,600,0,0
130,390,50,100.00000000000001,0,284.99999999999983,0,0,0,1e3,881.0000000000001,0,0,0,0,729.9999999999999,630,600,0,0
84.99999999999999,255.00000000000003,35.666666666666664,71.33333333333333,123.99999999999983,330,0,0,0,1e3,941,0,0,0,0,729.9999999999999,630,600,0,0
70.5,211.5,40,80,117.99999999999991,330,0,0,0,1e3,924.0000000000002,0,0,0,0,729.9999999999999,630,600,0,0
75.74999999999999,227.25000000000003,44.33333333333333,88.66666666666666,58.00000000000004,330,0,0,0,1e3,908.0000000000001,0,0,0,0,729.9999999999999,630,600,0,0
76,228.00000000000003,36,72,0,245.9999999999999,0,0,0,1e3,921.0000000000001,0,0,0,0,729.9999999999999,630,600,0,0
89.25,267.75000000000006,33,66,0,215.99999999999997,0,0,0,1e3,954.0000000000001,0,0,0,0,729.9999999999999,630,600,0,0
79,237.00000000000003,23,46,62.9999999999997,330,0,0,0,1e3,1200,0,0,0,41.00000000000012,729.9999999999999,630,600,0,0
73,219,23,46,364.99999999999983,330,0,0,0,1e3,1200,0,0,0,182.99999999999994,729.9999999999999,630,600,0,0
71.75,215.25000000000003,26.666666666666664,53.333333333333336,245.9999999999999,330,0,0,0,1e3,1200,0,0,0,124.00000000000024,729.9999999999999,630,600,0,0
66.5,199.50000000000003,31.666666666666664,63.33333333333333,47.999999999999936,330,0,0,0,1e3,1032,0,0,0,0,729.9999999999999,630,600,0,0
63,189,29,58.00000000000001,0,234.99999999999977,0,0,0,1e3,919.9999999999999,0,0,0,0,729.9999999999999,630,600,0,0
68.5,205.50000000000003,23.666666666666664,47.33333333333333,0,84.00000000000004,0,0,0,1e3,841,0,0,0,0,729.9999999999999,630,600,0,0
72.5,217.50000000000003,21.333333333333332,42.666666666666664,400.00000000000006,330,0,213.99999999999983,0,0,0,0,0,397.00000000000006,350.00000000000006,729.9999999999999,630,600,0,0
65.25,195.75,18.333333333333332,36.66666666666667,400.00000000000006,330,0,138.99999999999994,0,0,0,0,0,311.99999999999994,350.00000000000006,729.9999999999999,630,600,0,0
75.25,225.75000000000003,13,26.000000000000004,396.00000000000017,330,0,0,0,0,0,0,0,243.00000000000009,350.00000000000006,729.9999999999999,630,600,0,0
63.25,189.75,12.666666666666666,25.333333333333336,354,330,0,0,0,0,0,0,0,171,350.00000000000006,729.9999999999999,630,600,0,0
56.24999999999999,168.75,12,24,338.00000000000006,330,0,0,0,0,0,0,0,128.00000000000014,350.00000000000006,729.9999999999999,630,600,0,0
57.24999999999999,171.75,11.666666666666666,23.333333333333332,343.0000000000001,330,0,0,0,0,0,0,0,109.00000000000004,350.00000000000006,729.9999999999999,630,600,0,0
57,171,10,20,363.00000000000006,330,0,0,0,0,0,0,0,117.00000000000014,350.00000000000006,729.9999999999999,630,600,0,0
50.5,151.50000000000003,8.333333333333332,16.666666666666668,0,0,0,0,0,776.9999999999999,497.00000000000017,0,0,0,0,729.9999999999999,630,600,0,0
47.49999999999999,142.49999999999997,7,14.000000000000002,0,0,0,0,0,914.9999999999998,557,0,0,0,0,729.9999999999999,630,600,0,0
42,126,6.666666666666666,13.333333333333334,0,214.99999999999983,0,0,0,1e3,679.0000000000001,0,0,0,0,729.9999999999999,630,600,0,0
37.24999999999999,111.75,6,12,74.99999999999983,330,0,0,0,1e3,817.0000000000001,0,0,0,0,729.9999999999999,630,600,0,0
33.75,101.25000000000001,4.666666666666666,9.333333333333332,188,330,0,0,0,1e3,930.9999999999999,0,0,0,0,729.9999999999999,630,600,0,0
33.25,99.75000000000001,3.6666666666666665,7.333333333333334,252.99999999999977,330,0,0,0,1e3,1001,0,0,0,0,729.9999999999999,630,600,0,0
21.5,64.5,2,4,308.00000000000006,330,0,0,0,1e3,1046.0000000000002,0,0,0,0,729.9999999999999,630,600,0,0
18,54,1.6666666666666665,3.3333333333333335,269.9999999999999,330,0,0,0,1e3,1060.0000000000002,0,0,0,0,729.9999999999999,630,600,0,0
21,63,2.333333333333333,4.666666666666666,211.99999999999997,330,0,0,0,1e3,1045,0,0,0,0,729.9999999999999,630,600,0,0
25.25,75.75000000000001,2.6666666666666665,5.333333333333333,85.99999999999993,330,0,0,0,1e3,1030,0,0,0,0,729.9999999999999,630,600,0,0
38.99999999999999,117,3.333333333333333,6.666666666666667,50.99999999999995,330,0,0,0,1e3,1051.0000000000002,0,0,0,0,729.9999999999999,630,600,0,0
55.24999999999999,165.75,4.333333333333333,8.666666666666666,111.99999999999984,330,0,0,0,1e3,1200,0,0,0,69.99999999999996,729.9999999999999,630,600,0,0
85.24999999999999,255.75000000000003,7,14.000000000000002,326.9999999999998,330,0,0,0,1e3,1200,0,0,0,259.9999999999999,729.9999999999999,630,600,0,0
116.75,350.25,13.333333333333332,26.666666666666668,141.99999999999997,330,0,0,0,1e3,1200,0,0,0,227.00000000000017,729.9999999999999,630,600,0,0
153.75,461.25,23,46,0,123.99999999999996,0,0,0,1e3,1115.0000000000002,0,0,0,0,729.9999999999999,630,600,0,0
194.25,582.75,33.666666666666664,67.33333333333333,0,0,0,0,0,767,923.0000000000002,0,0,0,0,729.9999999999999,630,600,0,0
230.24999999999997,690.75,45.33333333333333,90.66666666666666,0,0,0,0,0,539.0000000000001,794.0000000000001,0,0,0,0,729.9999999999999,630,600,0,0
255.24999999999997,765.75,56.666666666666664,113.33333333333334,0,314.00000000000006,0,0,0,0,0,0,0,300.0000000000001,350.00000000000006,729.9999999999999,630,600,0,0
281.75,845.2500000000001,71.33333333333333,142.66666666666666,0,73.00000000000011,0,0,0,0,0,0,0,154.99999999999994,350.00000000000006,729.9999999999999,630,600,0,0
292,876,57,114,0,0,0,0,0,0,0,0,0,41.000000000000064,350.00000000000006,729.9999999999999,630,520.0000000000001,0,0
310,930.0000000000001,68.33333333333333,136.66666666666666,0,0,0,0,0,0,0,0,0,0,191.00000000000009,729.9999999999999,630,411,0,0
327,981.0000000000001,88.66666666666666,177.33333333333331,0,0,0,0,0,0,0,0,0,0,30.00000000000005,729.9999999999999,630,337.99999999999994,0,0
356.25,1068.75,107,214,0,0,0,0,0,0,0,0,0,0,0,729.9999999999999,481,226.99999999999994,0,0
385.75,1157.25,120.66666666666666,241.33333333333334,0,0,0,0,0,0,0,0,0,0,0,729.9999999999999,415.99999999999994,168.9999999999999,0,0
406,1218,138.33333333333331,276.66666666666663,0,0,0,0,0,0,0,0,0,0,0,729.9999999999999,548.0000000000001,258.00000000000006,0,0
411.49999999999994,1234.5,157.33333333333331,314.66666666666663,0,0,0,0,0,79.00000000000001,453.99999999999994,0,0,0,0,729.9999999999999,630,600,0,0
411.24999999999994,1233.75,172.66666666666666,345.3333333333333,0,0,0,0,0,588.0000000000001,687.0000000000001,0,0,0,0,729.9999999999999,630,600,0,0
421.99999999999994,1266,189.66666666666666,379.3333333333333,0,0,0,0,0,674.0000000000002,746.0000000000001,0,0,0,0,729.9999999999999,630,600,0,0
425.75,1277.25,200,400.00000000000006,0,0,0,0,0,643.9999999999999,719.9999999999998,0,0,0,0,729.9999999999999,630,600,0,0
415.25,1245.75,197.66666666666666,395.33333333333337,0,0,0,0,0,738.9999999999999,756.0000000000002,0,0,0,0,729.9999999999999,630,600,0,0
383,1149,182.33333333333331,364.6666666666667,0,0,0,0,0,884,806.9999999999999,0,0,0,0,729.9999999999999,630,600,0,0
371.24999999999994,1113.75,178,356,0,0,0,0,0,850.0000000000001,797.0000000000001,0,0,0,0,729.9999999999999,630,600,0,0
355,1065,178.33333333333331,356.66666666666663,0,0,0,0,0,934,786.0000000000001,0,0,0,0,729.9999999999999,630,600,0,0
319,957,174,348,0,0,0,0,0,943.9999999999998,776.0000000000002,0,0,0,0,729.9999999999999,630,600,0,0
306.5,919.5,170.66666666666666,341.3333333333333,0,0,0,0,0,889,760.0000000000001,0,0,0,0,729.9999999999999,630,600,0,0
293.75,881.2500000000001,161,322.00000000000006,0,0,0,0,0,981.9999999999998,1037.0000000000002,0,0,0,0,729.9999999999999,630,600,0,0
265.5,796.5000000000001,145.66666666666666,291.3333333333333,48.99999999999994,330,0,0,0,1e3,1200,0,0,0,66.00000000000014,729.9999999999999,630,600,0,0
239.99999999999997,720,133.66666666666666,267.3333333333333,0,304.0000000000001,0,0,0,1e3,1200,0,0,0,29.00000000000003,729.9999999999999,630,600,0,0
221.25,663.75,115,230.00000000000003,0,172.00000000000003,0,0,0,1e3,994.0000000000001,0,0,0,0,729.9999999999999,630,600,0,0
213,639,91,182,0,8.00000000000008,0,0,0,1e3,912.9999999999999,0,0,0,0,729.9999999999999,630,600,0,0
202.25,606.75,71.66666666666666,143.33333333333331,0,0,0,0,0,886.0000000000001,830.0000000000001,0,0,0,0,729.9999999999999,630,600,0,0
181.5,544.5,56.33333333333333,112.66666666666666,400.00000000000006,330,0,24.00000000000016,0,0,0,0,0,375.0000000000001,350.00000000000006,729.9999999999999,630,600,0,0
169.75,509.24999999999994,39.666666666666664,79.33333333333334,340.0000000000001,330,0,0,0,0,0,0,0,254.00000000000017,350.00000000000006,729.9999999999999,630,600,0,0
157.25,471.75000000000006,39.666666666666664,79.33333333333334,265.00000000000006,330,0,0,0,0,0,0,0,146.0000000000001,350.00000000000006,729.9999999999999,630,600,0,0
155,465.00000000000006,30.333333333333332,60.66666666666667,206.99999999999994,330,0,0,0,0,0,0,0,106.99999999999997,350.00000000000006,729.9999999999999,630,600,0,0
167.5,502.5,24.666666666666664,49.333333333333336,133.0000000000001,330,0,0,0,0,0,0,0,108.00000000000006,350.00000000000006,729.9999999999999,630,600,0,0
185.24999999999997,555.75,23,46,73.00000000000007,330,0,0,0,0,0,0,0,128.00000000000006,350.00000000000006,729.9999999999999,630,600,0,0
203.25,609.75,21.333333333333332,42.666666666666664,63.99999999999982,330,0,0,0,0,0,0,0,168,350.00000000000006,729.9999999999999,630,600,0,0
222.5,667.5,22,44.00000000000001,0,0,0,0,0,470.99999999999983,608,0,0,0,0,729.9999999999999,630,600,0,0
243.25,729.75,25.666666666666664,51.333333333333336,0,0,0,0,0,795,836.0000000000001,0,0,0,0,729.9999999999999,630,600,0,0
277.25,831.75,40.33333333333333,80.66666666666666,0,175.00000000000009,0,0,0,1e3,1071.9999999999998,0,0,0,0,729.9999999999999,630,600,0,0
327.5,982.5,63,126,0,70.99999999999999,0,0,0,1e3,1113.0000000000002,0,0,0,0,729.9999999999999,630,600,0,0
370.49999999999994,1111.5,89.66666666666666,179.33333333333334,0,0,0,0,0,837.9999999999998,1021.9999999999999,0,0,0,0,729.9999999999999,630,600,0,0
399.99999999999994,1200,113,226,0,0,0,0,0,752.0000000000001,970,0,0,0,0,729.9999999999999,630,600,0,0
410.99999999999994,1233,115.33333333333333,230.66666666666666,0,0,0,0,0,700.9999999999999,947.0000000000002,0,0,0,0,729.9999999999999,630,600,0,0
423.75,1271.25,113.33333333333333,226.66666666666669,0,0,0,0,0,584.0000000000001,931.0000000000001,0,0,0,0,729.9999999999999,630,600,0,0
436,1308,120.66666666666666,241.33333333333334,0,0,0,0,0,598.0000000000001,898.9999999999999,0,0,0,0,729.9999999999999,630,600,0,0
455.25,1365.75,118.33333333333333,236.66666666666666,0,0,0,0,0,394.0000000000001,884.0000000000001,0,0,0,0,729.9999999999999,630,600,0,0
501.74999999999994,1505.25,120.66666666666666,241.33333333333334,0,0,0,0,0,134.0000000000001,860.9999999999999,0,0,0,0,729.9999999999999,630,600,0,0
558.75,1676.2500000000002,131,262,0,0,0,0,0,0,1024,0,0,0,0,729.9999999999999,630,549.0000000000001,0,0
622.75,1868.2500000000002,152,304,0,0,0,0,0,0,1123.9999999999998,0,0,0,0,729.9999999999999,630,529.9999999999999,0,0
690.25,2070.75,175,350,0,0,0,0,0,0,520,0,0,0,0,729.9999999999999,630,63.00000000000025,0,0
404.2500000000001,2208.7500000000005,208,416.00000000000006,0,0,0,0,0,0,74.00000000000011,0,0,0,0,729.9999999999999,630,0,0,0
61.750000000000014,2366.25,240,480.00000000000006,0,0,0,0,0,0,0,0,0,0,0,729.9999999999999,481.99999999999983,0,0,0
0,2284,261.3333333333333,522.6666666666666,0,0,0,0,0,0,0,0,0,0,0,729.9999999999999,296.0000000000002,0,0,0
0,2093,273.66666666666663,547.3333333333333,0,0,0,0,0,0,0,0,0,0,0,729.9999999999999,118.00000000000024,0,0,0
0,1965,278,556,0,0,0,0,0,0,0,0,0,0,0,635.9999999999999,0,0,0,0
0,1849.0000000000002,295.66666666666663,591.3333333333333,0,0,0,0,0,0,0,0,0,0,0,446.00000000000017,0,0,0,0
0,1773.0000000000002,290.3333333333333,580.6666666666667,0,0,0,0,0,0,0,0,0,0,0,398.99999999999994,0,0,0,0
0,1738.0000000000002,283.3333333333333,566.6666666666666,0,0,0,0,0,0,0,0,0,0,0,394.99999999999994,0,0,0,0
0,1723,265.66666666666663,531.3333333333333,0,0,0,0,0,0,0,0,0,0,0,462.00000000000006,0,0,0,0
0,1763,238.33333333333331,476.6666666666667,0,0,0,0,0,0,0,0,0,0,0,559.9999999999999,0,0,0,0
179.00000000000034,1683,220,440,0,0,0,0,0,0,0,0,0,0,0,681.9999999999999,0,0,0,0
524,1572,192.66666666666666,385.3333333333333,0,0,0,0,0,0,0,0,0,0,0,729.9999999999999,419.0000000000002,175.0000000000001,0,0
513.25,1539.75,190,380,0,0,0,0,0,129.00000000000028,516.9999999999999,0,0,0,0,729.9999999999999,630,600,0,0
578.5,1735.5000000000002,187.33333333333331,374.66666666666663,0,0,0,0,0,0,639.9999999999999,0,0,0,0,729.9999999999999,630,600,0,0
654.5,1963.5,184.33333333333331,368.66666666666663,0,0,0,0,0,0,363.00000000000045,0,0,0,0,729.9999999999999,630,290.00000000000017,0,0
711.9999999999999,2199,213.33333333333331,426.6666666666667,0,0,0,0,0,0,3.000000000000138,0,0,0,0,729.9999999999999,630,0,0,0
411.25000000000017,2487.75,246.33333333333331,492.6666666666667,0,0,0,0,0,0,0,0,0,0,0,729.9999999999999,461.0000000000001,0,0,0
190.25000000000037,2631.75,275,550,0,0,0,0,0,0,0,0,0,0,0,729.9999999999999,361.0000000000001,0,0,0
128.2500000000002,2670.75,298,596.0000000000001,0,0,0,0,0,0,0,0,0,0,0,729.9999999999999,303.0000000000002,0,0,0
65.00000000000004,2592,301.3333333333333,602.6666666666667,0,0,0,0,0,0,0,0,0,0,0,729.9999999999999,287.00000000000017,0,0,0
0,2581,312.3333333333333,624.6666666666667,0,0,0,0,0,0,0,0,0,0,0,729.9999999999999,232.00000000000017,0,0,0
60.74999999999987,2588.25,320.66666666666663,641.3333333333334,0,0,0,0,0,0,0,0,0,0,0,729.9999999999999,456,0,0,0
316.5,2563.5,322.3333333333333,644.6666666666667,0,0,0,0,0,0,0,0,0,0,0,729.9999999999999,612,0,0,0
280.2500000000001,2460.75,320.3333333333333,640.6666666666667,0,0,0,0,0,0,0,0,0,0,0,729.9999999999999,550,0,0,0
254.0000000000003,2289,320,640,0,0,0,0,0,0,0,0,0,0,0,729.9999999999999,269.00000000000006,0,0,0
176.24999999999977,2232.75,319.66666666666663,639.3333333333333,0,0,0,0,0,0,0,0,0,0,0,729.9999999999999,143.00000000000006,0,0,0
146.99999999999972,2091.0000000000005,288,576,0,0,0,0,0,0,0,0,0,0,0,729.9999999999999,116.00000000000016,0,0,0
46.75000000000012,2030.2500000000002,218,436.00000000000006,0,0,0,0,0,0,0,0,0,0,0,729.9999999999999,193.00000000000006,0,0,0
0,1889.0000000000002,164.66666666666666,329.3333333333333,0,0,0,0,0,0,0,0,0,0,0,729.9999999999999,146.0000000000001,0,0,0
0,1731.0000000000002,238.33333333333331,476.6666666666667,0,0,0,0,0,0,0,0,0,0,0,512,0,0,0,0
0,1645,233.66666666666666,467.3333333333333,0,0,0,0,0,0,0,0,0,0,0,446.0000000000001,0,0,0,0
0,1630,229.66666666666666,459.33333333333337,0,0,0,0,0,0,0,0,0,0,0,450,0,0,0,0
0,1652,239,478,0,0,0,0,0,0,0,0,0,0,0,489.0000000000001,0,0,0,0
0,1697,210,420.00000000000006,0,0,0,0,0,0,0,0,0,0,0,599.9999999999999,0,0,0,0
0,1850,179,358.00000000000006,0,0,0,0,0,0,0,0,0,0,0,729.9999999999999,53.00000000000012,0,0,0
267.0000000000002,1950,148.66666666666666,297.3333333333333,0,0,0,0,0,0,0,0,0,0,0,729.9999999999999,386.0000000000001,0,0,0
621.5,1864.5000000000002,146.33333333333331,292.66666666666663,0,0,0,0,0,0,273.00000000000017,0,0,0,0,729.9999999999999,630,233.0000000000001,0,0
614.75,1844.2500000000002,155.66666666666666,311.3333333333333,0,0,0,0,0,0,519.9999999999998,0,0,0,0,729.9999999999999,630,396.99999999999994,0,0
611,1833.0000000000002,153,306.00000000000006,0,0,0,0,0,0,527.9999999999999,0,0,0,0,729.9999999999999,630,398.99999999999983,0,0
612.75,1838.2500000000002,145,290.00000000000006,0,0,0,0,0,0,615.9999999999994,0,0,0,0,729.9999999999999,630,448.9999999999997,0,0
605.25,1815.7500000000002,149.33333333333331,298.66666666666663,0,0,0,0,0,0,587.9999999999997,0,0,0,0,729.9999999999999,630,448.9999999999997,0,0
611.5,1834.5,181.33333333333331,362.66666666666663,0,0,0,0,0,0,364.0000000000003,0,0,0,0,729.9999999999999,630,335.0000000000003,0,0
601.25,1803.7500000000002,182.33333333333331,364.6666666666667,0,0,0,0,0,0,388.0000000000001,0,0,0,0,729.9999999999999,630,374.0000000000001,0,0
564.25,1692.7500000000002,168.66666666666666,337.3333333333333,0,0,0,0,0,0,405.00000000000006,0,0,0,0,729.9999999999999,630,382.99999999999994,0,0
516.9999999999999,1551,145.33333333333331,290.6666666666667,0,0,0,0,0,0,590.0000000000001,0,0,0,0,729.9999999999999,630,532,0,0
450.24999999999994,1350.75,115.66666666666666,231.33333333333331,0,0,0,0,0,270.00000000000034,990,0,0,0,0,729.9999999999999,630,600,0,0
390.74999999999994,1172.25,100,200.00000000000003,0,0,0,0,0,797.0000000000001,1200,0,0,0,0,729.9999999999999,630,569.9999999999999,0,0
349,1047,81.33333333333333,162.66666666666669,0,0,0,0,0,847.9999999999998,1200,0,0,0,0,729.9999999999999,630,568.0000000000002,0,0
326.25,978.7500000000001,75.66666666666666,151.33333333333331,0,0,0,0,0,693.9999999999999,961.9999999999999,0,0,0,0,729.9999999999999,630,600,0,0
322.24999999999994,966.7500000000001,70.33333333333333,140.66666666666666,0,0,0,0,0,506,827,0,0,0,0,729.9999999999999,630,600,0,0
319.25,957.7500000000001,67.66666666666666,135.33333333333331,0,0,0,0,0,326.99999999999994,701,0,0,0,0,729.9999999999999,630,600,0,0
302.75,908.25,61.666666666666664,123.33333333333334,0,233.0000000000001,0,0,0,0,0,0,0,238.00000000000003,350.00000000000006,729.9999999999999,630,600,0,0
272.75,818.25,51,102,0,207.00000000000028,0,0,0,0,0,0,0,152.00000000000009,350.00000000000006,729.9999999999999,630,600,0,0
213.5,640.5,52.33333333333333,104.66666666666666,0,277.0000000000001,0,0,0,0,0,0,0,21.999999999999975,350.00000000000006,729.9999999999999,630,600,0,0
189.5,568.5000000000001,46.666666666666664,93.33333333333333,0,300.9999999999999,0,0,0,0,0,0,0,0,318.00000000000006,729.9999999999999,630,600,0,0
170.74999999999997,512.2500000000001,35.666666666666664,71.33333333333333,20.000000000000053,330,0,0,0,0,0,0,0,0,334.00000000000006,729.9999999999999,630,600,0,0
148.75,446.25000000000006,23,46,113.99999999999991,330,0,0,0,0,0,0,0,43.00000000000001,350.00000000000006,729.9999999999999,630,600,0,0
137,411.00000000000006,15.666666666666666,31.333333333333332,228.00000000000003,330,0,0,0,0,0,0,0,110.99999999999997,350.00000000000006,729.9999999999999,630,600,0,0
130.75,392.25000000000006,10.333333333333332,20.666666666666664,0,0,0,0,0,762.9999999999999,588.0000000000001,0,0,0,0,729.9999999999999,630,600,0,0
127.24999999999999,381.75,7.666666666666666,15.333333333333332,0,193.99999999999983,0,0,0,1e3,826.9999999999999,0,0,0,0,729.9999999999999,630,600,0,0
130.75,392.25000000000006,8.666666666666666,17.333333333333332,400.00000000000006,330,0,2.999999999999774,0,1e3,1106,0,0,0,0,729.9999999999999,630,600,0,0
138,414.00000000000006,11.333333333333332,22.666666666666664,400.00000000000006,330,0,71.99999999999982,0,1e3,1181,0,0,0,0,729.9999999999999,630,600,0,0
146.49999999999997,439.50000000000006,11,22,379.00000000000006,330,0,0,0,1e3,1185.0000000000002,0,0,0,0,729.9999999999999,630,600,0,0
145,435.00000000000006,11,22.000000000000004,400.00000000000006,330,0,48.999999999999915,0,1e3,1200,0,0,0,9.00000000000008,729.9999999999999,630,600,0,0
141,423,12,24,399.99999999999994,330,0,0,0,1e3,1194.0000000000002,0,0,0,0,729.9999999999999,630,600,0,0
147,441.00000000000006,14,28.000000000000004,229.99999999999997,330,0,0,0,1e3,1163.0000000000002,0,0,0,0,729.9999999999999,630,600,0,0
157,471.00000000000006,11.333333333333332,22.666666666666664,86.99999999999984,330,0,0,0,1e3,1151,0,0,0,0,729.9999999999999,630,600,0,0
156.24999999999997,468.75000000000006,11.666666666666666,23.333333333333332,0,197.00000000000006,0,0,0,1e3,1115,0,0,0,0,729.9999999999999,630,600,0,0
150.25,450.75,9.333333333333332,18.666666666666664,0,192.00000000000006,0,0,0,1e3,1112,0,0,0,0,729.9999999999999,630,600,0,0
158,474.00000000000006,10.666666666666666,21.333333333333332,0,279.00000000000006,0,0,0,1e3,1200,0,0,0,150.00000000000017,729.9999999999999,630,600,0,0
161.75,485.25,17,34,202.99999999999983,330,0,0,0,1e3,1200,0,0,0,284.99999999999994,729.9999999999999,630,600,0,0
162.5,487.5,20,40,75.99999999999983,330,0,0,0,1e3,1200,0,0,0,215.99999999999983,729.9999999999999,630,600,0,0
167.75,503.25000000000006,27.333333333333332,54.66666666666667,0,137.99999999999972,0,0,0,1e3,1072,0,0,0,0,729.9999999999999,630,600,0,0
167.5,502.5,37.33333333333333,74.66666666666666,0,0,0,0,0,927.9999999999997,899,0,0,0,0,729.9999999999999,630,600,0,0
163,489,42.666666666666664,85.33333333333333,0,0,0,0,0,810.9999999999999,775,0,0,0,0,729.9999999999999,630,600,0,0
158.5,475.50000000000006,47,94,354.00000000000017,330,0,0,0,0,0,0,0,293.0000000000001,350.00000000000006,729.9999999999999,630,600,0,0
148.5,445.50000000000006,59.666666666666664,119.33333333333333,260.00000000000006,330,0,0,0,0,0,0,0,145.0000000000001,350.00000000000006,729.9999999999999,630,600,0,0
158.5,475.50000000000006,44.33333333333333,88.66666666666666,109.99999999999986,330,0,0,0,0,0,0,0,93.00000000000003,350.00000000000006,729.9999999999999,630,600,0,0
149.5,448.5,50.666666666666664,101.33333333333334,62.000000000000014,330,0,0,0,0,0,0,0,0,345.00000000000017,729.9999999999999,630,600,0,0
133,399.00000000000006,44.33333333333333,88.66666666666666,86.99999999999993,330,0,0,0,0,0,0,0,0,322.0000000000002,729.9999999999999,630,600,0,0
111.5,334.49999999999994,38.33333333333333,76.66666666666666,183.99999999999991,330,0,0,0,0,0,0,0,0,328.00000000000006,729.9999999999999,630,600,0,0
95.24999999999999,285.75,32.33333333333333,64.66666666666666,267.00000000000017,330,0,0,0,0,0,0,0,1.0000000000000975,350.00000000000006,729.9999999999999,630,600,0,0
85.24999999999999,255.75000000000003,28,56.00000000000001,0,0,0,0,0,697.9999999999999,398.0000000000001,0,0,0,0,729.9999999999999,630,600,0,0
80,240.00000000000003,25.666666666666664,51.333333333333336,0,0,0,0,0,866,476.0000000000001,0,0,0,0,729.9999999999999,630,600,0,0
79,237.00000000000003,28,56.00000000000001,0,151.9999999999999,0,0,0,1e3,571.0000000000002,0,0,0,0,729.9999999999999,630,600,0,0
89.25,267.75000000000006,28.666666666666664,57.33333333333333,0,285.99999999999983,0,0,0,1e3,692.0000000000001,0,0,0,0,729.9999999999999,630,600,0,0
112.99999999999999,339,28,56.00000000000001,0,292.00000000000006,0,0,0,1e3,830.0000000000001,0,0,0,0,729.9999999999999,630,600,0,0
142,426.00000000000006,42,84.00000000000001,0,209.99999999999977,0,0,0,1e3,854.9999999999999,0,0,0,0,729.9999999999999,630,600,0,0
180.49999999999997,541.5,50.666666666666664,101.33333333333334,0,43.99999999999998,0,0,0,1e3,838,0,0,0,0,729.9999999999999,630,600,0,0
228.75,686.25,57,114,0,0,0,0,0,800.9999999999999,793,0,0,0,0,729.9999999999999,630,600,0,0
299.75,899.25,71,142.00000000000003,0,0,0,0,0,480,721.9999999999999,0,0,0,0,729.9999999999999,630,600,0,0
375.5,1126.5000000000002,83.66666666666666,167.33333333333334,0,0,0,0,0,31.000000000000025,657.0000000000001,0,0,0,0,729.9999999999999,630,600,0,0
469.99999999999994,1410,87.33333333333333,174.66666666666666,0,0,0,0,0,0,331.0000000000003,0,0,0,0,729.9999999999999,630,264.0000000000003,0,0
560.2500000000003,1689.75,95,190,0,0,0,0,0,0,286.99999999999983,0,0,0,0,729.9999999999999,630,0,0,0
516.4999999999999,1984.5000000000002,131.33333333333331,262.66666666666663,0,0,0,0,0,0,344.00000000000006,0,0,0,0,729.9999999999999,630,0,0,0
188,2208,161.66666666666666,323.3333333333333,0,0,0,0,0,0,206.00000000000006,0,0,0,0,729.9999999999999,630,0,0,0
0,2177,191.33333333333331,382.66666666666663,0,0,0,0,0,0,0,0,0,0,0,729.9999999999999,469,0,0,0
0,2020,238.33333333333331,476.6666666666667,0,0,0,0,0,0,0,0,0,0,0,729.9999999999999,225.00000000000017,0,0,0
0,1930,266.66666666666663,533.3333333333334,0,0,0,0,0,0,0,0,0,0,0,729.9999999999999,45.00000000000015,0,0,0
0,1834,285.66666666666663,571.3333333333334,0,0,0,0,0,0,0,0,0,0,0,640,0,0,0,0
0,1733.0000000000002,298.66666666666663,597.3333333333333,0,0,0,0,0,0,0,0,0,0,0,513.0000000000001,0,0,0,0
0,1623,327.66666666666663,655.3333333333333,0,0,0,0,0,0,0,0,0,0,0,322.00000000000006,0,0,0,0
0,1561,325,650.0000000000001,0,0,0,0,0,0,0,0,0,0,0,258,0,0,0,0
0,1503,327.66666666666663,655.3333333333333,0,0,0,0,0,0,0,0,0,0,0,210.99999999999997,0,0,0,0
0,1477,320.66666666666663,641.3333333333333,0,0,0,0,0,0,0,0,0,0,0,218.00000000000006,0,0,0,0
0,1469.0000000000002,301,602,0,0,0,0,0,0,0,0,0,0,0,281.99999999999994,0,0,0,0
0,1517,288.66666666666663,577.3333333333333,0,0,0,0,0,0,0,0,0,0,0,398.00000000000006,0,0,0,0
0,1617,272.66666666666663,545.3333333333333,0,0,0,0,0,0,0,0,0,0,0,499.00000000000006,0,0,0,0
0,1905,275.3333333333333,550.6666666666666,0,0,0,0,0,0,0,0,0,0,0,562.9999999999999,0,0,0,0
0,2017.0000000000002,280.3333333333333,560.6666666666666,0,0,0,0,0,0,0,0,0,0,0,664,0,0,0,0
0,2021,274.3333333333333,548.6666666666666,0,0,0,0,0,0,0,0,0,0,0,729.9999999999999,60.000000000000206,0,0,0
0,1980,273,546,0,0,0,0,0,0,0,0,0,0,0,729.9999999999999,136.99999999999986,0,0,0
0,1997.0000000000002,271.3333333333333,542.6666666666667,0,0,0,0,0,0,0,0,0,0,0,729.9999999999999,163.00000000000009,0,0,0
0,1968,275.66666666666663,551.3333333333333,0,0,0,0,0,0,0,0,0,0,0,729.9999999999999,144.00000000000026,0,0,0
0,1924.9999999999995,281,562,0,0,0,0,0,0,0,0,0,0,0,729.9999999999999,121.00000000000014,0,0,0
0,1818.0000000000002,269.66666666666663,539.3333333333333,0,0,0,0,0,0,0,0,0,0,0,729.9999999999999,146.00000000000017,0,0,0
0,1835.0000000000002,271.66666666666663,543.3333333333334,0,0,0,0,0,0,0,0,0,0,0,729.9999999999999,159.00000000000023,0,0,0
0,1940.0000000000002,269,538,0,0,0,0,0,0,0,0,0,0,0,729.9999999999999,401.00000000000006,0,0,0
175.75000000000006,2126.25,263.3333333333333,526.6666666666667,0,0,0,0,0,0,0,0,0,0,0,729.9999999999999,618.9999999999999,0,0,0
255.24999999999997,1992.7500000000002,239.33333333333331,478.66666666666663,0,0,0,0,0,0,48.999999999999844,0,0,0,0,729.9999999999999,630,0,0,0
255.5000000000001,1828.4999999999998,223.33333333333331,446.66666666666663,0,0,0,0,0,0,0,0,0,0,0,729.9999999999999,458.0000000000001,0,0,0
285.7499999999999,1676.2500000000002,205.66666666666666,411.33333333333337,0,0,0,0,0,0,0,0,0,0,0,729.9999999999999,359.00000000000006,0,0,0
369.00000000000017,1491,184,368,0,0,0,0,0,0,0,0,0,0,0,729.9999999999999,309,0,0,0
385.00000000000017,1359,170.66666666666666,341.3333333333333,0,0,0,0,0,0,0,0,0,0,0,729.9999999999999,241.00000000000017,0,0,0
396.24999999999994,1188.7499999999998,161,322.00000000000006,0,0,0,0,0,0,0,0,0,0,0,729.9999999999999,269.0000000000005,77.00000000000033,0,0
315.50000000000006,1270.5,161,322.00000000000006,0,0,0,0,0,0,0,0,0,0,0,729.9999999999999,139.00000000000014,0,0,0
104.25000000000024,1398.75,182,364,0,0,0,0,0,0,0,0,0,0,0,729.9999999999999,31.99999999999996,0,0,0
0,1371.0000000000002,218,436.00000000000006,0,0,0,0,0,0,0,0,0,0,0,634.9999999999999,0,0,0,0
0,1419,260.3333333333333,520.6666666666667,0,0,0,0,0,0,0,0,0,0,0,547,0,0,0,0
0,1479.0000000000002,281.3333333333333,562.6666666666666,0,0,0,0,0,0,0,0,0,0,0,523.0000000000001,0,0,0,0
0,1643,298.66666666666663,597.3333333333333,0,0,0,0,0,0,0,0,0,0,0,521.9999999999999,0,0,0,0
0,2039,302,604,0,0,0,0,0,0,0,0,0,0,0,682,0,0,0,0
0,2558,310.66666666666663,621.3333333333333,0,0,0,0,0,0,0,0,0,0,0,729.9999999999999,159.00000000000028,0,0,0
57.000000000000256,2664,321,642,0,0,0,0,0,0,0,0,0,0,0,729.9999999999999,224.00000000000003,0,0,0
91.00000000000021,2640,321.66666666666663,643.3333333333333,0,0,0,0,0,0,0,0,0,0,0,729.9999999999999,243.00000000000026,0,0,0
157.50000000000014,2662.5,325.66666666666663,651.3333333333333,0,0,0,0,0,0,0,0,0,0,0,729.9999999999999,247.00000000000006,0,0,0
200.00000000000043,2646,326.66666666666663,653.3333333333333,0,0,0,0,0,0,0,0,0,0,0,729.9999999999999,245.00000000000028,0,0,0
146.25000000000045,2559.7499999999995,319,638,0,0,0,0,0,0,0,0,0,0,0,729.9999999999999,274.99999999999994,0,0,0
255.7500000000002,2462.25,322.66666666666663,645.3333333333333,0,0,0,0,0,0,0,0,0,0,0,729.9999999999999,268,0,0,0
392.75000000000006,2264.2500000000005,306.66666666666663,613.3333333333333,0,0,0,0,0,0,0,0,0,0,0,729.9999999999999,274.00000000000017,0,0,0
415.0000000000004,2229,297.66666666666663,595.3333333333333,0,0,0,0,0,0,0,0,0,0,0,729.9999999999999,281.00000000000006,0,0,0
400.00000000000017,2259,290.3333333333333,580.6666666666667,0,0,0,0,0,0,0,0,0,0,0,729.9999999999999,512.0000000000002,0,0,0
548.2500000000005,2286.75,283,566,0,0,0,0,0,0,69.00000000000021,0,0,0,0,729.9999999999999,630,0,0,0
490.7500000000002,2330.25,265.66666666666663,531.3333333333333,0,0,0,0,0,0,64.00000000000021,0,0,0,0,729.9999999999999,630,0,0,0
167.00000000000006,2379,261.3333333333333,522.6666666666666,0,0,0,0,0,0,0,0,0,0,0,729.9999999999999,420.0000000000002,0,0,0
0,2320.0000000000005,280,560,0,0,0,0,0,0,0,0,0,0,0,729.9999999999999,227.00000000000009,0,0,0
0,2273.0000000000005,290,580.0000000000001,0,0,0,0,0,0,0,0,0,0,0,729.9999999999999,73.00000000000017,0,0,0
0,2182.0000000000005,292.66666666666663,585.3333333333334,0,0,0,0,0,0,0,0,0,0,0,645.0000000000001,0,0,0,0
0,2006.0000000000002,295,590.0000000000001,0,0,0,0,0,0,0,0,0,0,0,519,0,0,0,0
0,1921,330,660,0,0,0,0,0,0,0,0,0,0,0,328.9999999999999,0,0,0,0
0,1875.0000000000002,326.66666666666663,653.3333333333333,0,0,0,0,0,0,0,0,0,0,0,260.00000000000006,0,0,0,0
0,1930,338,676,0,0,0,0,0,0,0,0,0,0,0,189.9999999999999,0,0,0,0
0,2018.0000000000002,342,684,0,0,0,0,0,0,0,0,0,0,0,192.99999999999997,0,0,0,0
0,2135,324.66666666666663,649.3333333333333,0,0,0,0,0,0,0,0,0,0,0,274.0000000000001,0,0,0,0
0,2400.0000000000005,319.3333333333333,638.6666666666666,0,0,0,0,0,0,0,0,0,0,0,372.00000000000006,0,0,0,0
359.4999999999999,2299.5,306.3333333333333,612.6666666666667,0,0,0,0,0,0,0,0,0,0,0,621,0,0,0,0
729.5,2188.5,305,610,0,0,0,0,0,0,0,0,0,0,0,729.9999999999999,393.00000000000017,198.00000000000006,0,0
726.75,2180.25,302.66666666666663,605.3333333333333,0,0,0,0,0,0,53.00000000000022,0,0,0,0,729.9999999999999,630,393.00000000000034,0,0
696.75,2090.25,296,592,0,0,0,0,0,0,232.9999999999999,0,0,0,0,729.9999999999999,630,544,0,0
677,2031.0000000000002,297.3333333333333,594.6666666666666,0,0,0,0,0,54.99999999999983,302,0,0,0,0,729.9999999999999,630,600,0,0
659.5,1978.5,293.66666666666663,587.3333333333334,0,0,0,0,0,100.99999999999982,286.0000000000002,0,0,0,0,729.9999999999999,630,600,0,0
636.75,1910.25,284.3333333333333,568.6666666666666,0,0,0,0,0,0,247.00000000000009,0,0,0,0,729.9999999999999,630,554.0000000000001,0,0
625.2499999999999,1875.7500000000002,278,556,0,0,0,0,0,34.000000000000014,315.99999999999994,0,0,0,0,729.9999999999999,630,600,0,0
573.25,1719.7500000000002,250,500,0,0,0,0,0,111.00000000000007,367,0,0,0,0,729.9999999999999,630,600,0,0
545.5,1636.5,233.66666666666666,467.3333333333333,0,0,0,0,0,0,407.00000000000017,0,0,0,0,729.9999999999999,630,592.0000000000002,0,0
516,1548,214.33333333333331,428.6666666666667,0,0,0,0,0,168.00000000000006,704,0,0,0,0,729.9999999999999,630,600,0,0
465.75,1397.25,207,414,0,0,0,0,0,679,909.0000000000002,0,0,0,0,729.9999999999999,630,600,0,0
403.25,1209.75,186.33333333333331,372.6666666666667,0,0,0,0,0,824.0000000000001,952,0,0,0,0,729.9999999999999,630,600,0,0
341.24999999999994,1023.75,154.33333333333331,308.66666666666663,0,0,0,0,0,908.9999999999999,783.0000000000001,0,0,0,0,729.9999999999999,630,600,0,0
321.24999999999994,963.75,122.66666666666666,245.33333333333331,0,0,0,0,0,781.0000000000001,737.0000000000001,0,0,0,0,729.9999999999999,630,600,0,0
337,1011.0000000000001,106.66666666666666,213.33333333333334,0,0,0,0,0,560.9999999999997,658.0000000000001,0,0,0,0,729.9999999999999,630,600,0,0
380.74999999999994,1142.25,109,218.00000000000003,0,225.00000000000014,0,0,0,0,0,0,0,156.0000000000002,350.00000000000006,729.9999999999999,630,600,0,0
415.25,1245.75,122.66666666666666,245.33333333333331,0,0,0,0,0,0,0,0,0,0,234.00000000000028,729.9999999999999,630,492.00000000000017,0,0
212.75000000000003,1733.2500000000002,154.66666666666666,309.33333333333337,0,0,0,0,0,0,0,0,0,0,0,729.9999999999999,154.00000000000014,0,0,0
30.500000000000075,1792.4999999999998,156.66666666666666,313.3333333333333,0,0,0,0,0,0,0,0,0,0,0,729.9999999999999,57.00000000000015,0,0,0
0,1795.0000000000002,164,328.00000000000006,0,0,0,0,0,0,0,0,0,0,0,720.9999999999999,0,0,0,0
0,1766.0000000000002,177.66666666666666,355.33333333333337,0,0,0,0,0,0,0,0,0,0,0,715.9999999999999,0,0,0,0
0,1839,193.66666666666666,387.3333333333333,0,0,0,0,0,0,0,0,0,0,0,712.0000000000001,0,0,0,0
24.25000000000008,2022.75,217.66666666666666,435.3333333333333,0,0,0,0,0,0,0,0,0,0,0,725,0,0,0,0
360.5,2020.5,214.66666666666666,429.3333333333333,0,0,0,0,0,0,0,0,0,0,0,729.9999999999999,208.00000000000026,0,0,0
691.25,2073.75,231.33333333333331,462.66666666666663,0,0,0,0,0,0,0,0,0,0,0,729.9999999999999,531,132.99999999999994,0,0
719.9999999999999,2160.0000000000005,256.3333333333333,512.6666666666666,0,0,0,0,0,0,0,0,0,0,0,729.9999999999999,538,128.99999999999997,0,0
721.9999999999999,2166,264.3333333333333,528.6666666666666,0,0,0,0,0,0,0,0,0,0,0,729.9999999999999,485.00000000000034,66.00000000000024,0,0
699.7499999999999,2099.25,273,546,0,0,0,0,0,0,0,0,0,0,0,729.9999999999999,602.0000000000006,187.0000000000004,0,0
680.4999999999999,2041.5000000000002,273,546,0,0,0,0,0,0,23.00000000000018,0,0,0,0,729.9999999999999,630,244.00000000000026,0,0
643.9999999999999,1932,269,538,0,0,0,0,0,0,73.0000000000003,0,0,0,0,729.9999999999999,630,297.0000000000002,0,0
618,1854,278.3333333333333,556.6666666666666,0,0,0,0,0,0,133.0000000000002,0,0,0,0,729.9999999999999,630,398.00000000000006,0,0
565.5,1696.5,266.66666666666663,533.3333333333334,0,0,0,0,0,0,230.0000000000003,0,0,0,0,729.9999999999999,630,482.00000000000034,0,0
505.75,1517.25,231,462,0,0,0,0,0,30.000000000000263,499.9999999999998,0,0,0,0,729.9999999999999,630,600,0,0
438.24999999999994,1314.75,182.66666666666666,365.3333333333333,0,0,0,0,0,308.00000000000006,843.0000000000002,0,0,0,0,729.9999999999999,630,600,0,0
428.99999999999994,1287,162.33333333333331,324.66666666666663,0,0,0,0,0,586.9999999999999,1062,0,0,0,0,729.9999999999999,630,600,0,0
440.49999999999994,1321.5,164.33333333333331,328.6666666666667,0,0,0,0,0,408,1003.0000000000001,0,0,0,0,729.9999999999999,630,600,0,0
458.99999999999994,1377,172.66666666666666,345.3333333333333,0,0,0,0,0,150.9999999999999,695.0000000000002,0,0,0,0,729.9999999999999,630,600,0,0
473,1419,175.66666666666666,351.3333333333333,0,0,0,0,0,0,496.9999999999999,0,0,0,0,729.9999999999999,630,536.9999999999999,0,0
465.25,1395.75,192.33333333333331,384.66666666666663,0,0,0,0,0,0,193.00000000000009,0,0,0,0,729.9999999999999,630,407.0000000000001,0,0
461.74999999999994,1385.25,199.66666666666666,399.33333333333337,0,0,0,0,0,0,0,0,0,0,0,729.9999999999999,493.00000000000017,241.00000000000014,0,0
469.99999999999994,1410,188.66666666666666,377.33333333333337,0,0,0,0,0,0,0,0,0,0,0,729.9999999999999,223.00000000000006,55.99999999999997,0,0
