Wind power DK prognosis in MWh;;;;;
;;G10_quantity;G10_price;G11_quantity;G11_price
01/01/2018;0;400;36;350;31
01/01/2018;1;400;36;350;31
01/01/2018;2;400;36;350;31
01/01/2018;3;400;36;350;31
01/01/2018;4;400;36;350;31
01/01/2018;5;400;36;350;31
01/01/2018;6;400;36;350;31
01/01/2018;7;400;36;350;31
01/01/2018;8;400;36;350;31
01/01/2018;9;400;36;350;31
01/01/2018;10;400;36;350;31
01/01/2018;11;400;36;350;31
01/01/2018;12;400;36;350;31
01/01/2018;13;400;36;350;31
01/01/2018;14;400;36;350;31
01/01/2018;15;400;36;350;31
01/01/2018;16;400;36;350;31
01/01/2018;17;400;36;350;31
01/01/2018;18;400;36;350;31
01/01/2018;19;400;36;350;31
01/01/2018;20;400;36;350;31
01/01/2018;21;400;36;350;31
01/01/2018;22;400;36;350;31
01/01/2018;23;400;36;350;31
02/01/2018;0;400;36;350;31
02/01/2018;1;400;36;350;31
02/01/2018;2;400;36;350;31
02/01/2018;3;400;36;350;31
02/01/2018;4;400;36;350;31
02/01/2018;5;400;36;350;31
02/01/2018;6;400;36;350;31
02/01/2018;7;400;36;350;31
02/01/2018;8;400;36;350;31
02/01/2018;9;400;36;350;31
02/01/2018;10;400;36;350;31
02/01/2018;11;400;36;350;31
02/01/2018;12;400;36;350;31
02/01/2018;13;400;36;350;31
02/01/2018;14;400;36;350;31
02/01/2018;15;400;36;350;31
02/01/2018;16;400;36;350;31
02/01/2018;17;400;36;350;31
02/01/2018;18;400;36;350;31
02/01/2018;19;400;36;350;31
02/01/2018;20;400;36;350;31
02/01/2018;21;400;36;350;31
02/01/2018;22;400;36;350;31
02/01/2018;23;400;36;350;31
03/01/2018;0;400;36;350;31
03/01/2018;1;400;36;350;31
03/01/2018;2;400;36;350;31
03/01/2018;3;400;36;350;31
03/01/2018;4;400;36;350;31
03/01/2018;5;400;36;350;31
03/01/2018;6;400;36;350;31
03/01/2018;7;400;36;350;31
03/01/2018;8;400;36;350;31
03/01/2018;9;400;36;350;31
03/01/2018;10;400;36;350;31
03/01/2018;11;400;36;350;31
03/01/2018;12;400;36;350;31
03/01/2018;13;400;36;350;31
03/01/2018;14;400;36;350;31
03/01/2018;15;400;36;350;31
03/01/2018;16;400;36;350;31
03/01/2018;17;400;36;350;31
03/01/2018;18;400;36;350;31
03/01/2018;19;400;36;350;31
03/01/2018;20;400;36;350;31
03/01/2018;21;400;36;350;31
03/01/2018;22;400;36;350;31
03/01/2018;23;400;36;350;31
04/01/2018;0;400;36;350;31
04/01/2018;1;400;36;350;31
04/01/2018;2;400;36;350;31
04/01/2018;3;400;36;350;31
04/01/2018;4;400;36;350;31
04/01/2018;5;400;36;350;31
04/01/2018;6;400;36;350;31
04/01/2018;7;400;36;350;31
04/01/2018;8;400;36;350;31
04/01/2018;9;400;36;350;31
04/01/2018;10;400;36;350;31
04/01/2018;11;400;36;350;31
04/01/2018;12;400;36;350;31
04/01/2018;13;400;36;350;31
04/01/2018;14;400;36;350;31
04/01/2018;15;400;36;350;31
04/01/2018;16;400;36;350;31
04/01/2018;17;400;36;350;31
04/01/2018;18;400;36;350;31
04/01/2018;19;400;36;350;31
04/01/2018;20;400;36;350;31
04/01/2018;21;400;36;350;31
04/01/2018;22;400;36;350;31
04/01/2018;23;400;36;350;31
05/01/2018;0;400;36;350;31
05/01/2018;1;400;36;350;31
05/01/2018;2;400;36;350;31
05/01/2018;3;400;36;350;31
05/01/2018;4;400;36;350;31
05/01/2018;5;400;36;350;31
05/01/2018;6;400;36;350;31
05/01/2018;7;400;36;350;31
05/01/2018;8;400;36;350;31
05/01/2018;9;400;36;350;31
05/01/2018;10;400;36;350;31
05/01/2018;11;400;36;350;31
05/01/2018;12;400;36;350;31
05/01/2018;13;400;36;350;31
05/01/2018;14;400;36;350;31
05/01/2018;15;400;36;350;31
05/01/2018;16;400;36;350;31
05/01/2018;17;400;36;350;31
05/01/2018;18;400;36;350;31
05/01/2018;19;400;36;350;31
05/01/2018;20;400;36;350;31
05/01/2018;21;400;36;350;31
05/01/2018;22;400;36;350;31
05/01/2018;23;400;36;350;31
06/01/2018;0;400;36;350;31
06/01/2018;1;400;36;350;31
06/01/2018;2;400;36;350;31
06/01/2018;3;400;36;350;31
06/01/2018;4;400;36;350;31
06/01/2018;5;400;36;350;31
06/01/2018;6;400;36;350;31
06/01/2018;7;400;36;350;31
06/01/2018;8;400;36;350;31
06/01/2018;9;400;36;350;31
06/01/2018;10;400;36;350;31
06/01/2018;11;400;36;350;31
06/01/2018;12;400;36;350;31
06/01/2018;13;400;36;350;31
06/01/2018;14;400;36;350;31
06/01/2018;15;400;36;350;31
06/01/2018;16;400;36;350;31
06/01/2018;17;400;36;350;31
06/01/2018;18;400;36;350;31
06/01/2018;19;400;36;350;31
06/01/2018;20;400;36;350;31
06/01/2018;21;400;36;350;31
06/01/2018;22;400;36;350;31
06/01/2018;23;400;36;350;31
07/01/2018;0;400;36;350;31
07/01/2018;1;400;36;350;31
07/01/2018;2;400;36;350;31
07/01/2018;3;400;36;350;31
07/01/2018;4;400;36;350;31
07/01/2018;5;400;36;350;31
07/01/2018;6;400;36;350;31
07/01/2018;7;400;36;350;31
07/01/2018;8;400;36;350;31
07/01/2018;9;400;36;350;31
07/01/2018;10;400;36;350;31
07/01/2018;11;400;36;350;31
07/01/2018;12;400;36;350;31
07/01/2018;13;400;36;350;31
07/01/2018;14;400;36;350;31
07/01/2018;15;400;36;350;31
07/01/2018;16;400;36;350;31
07/01/2018;17;400;36;350;31
07/01/2018;18;400;36;350;31
07/01/2018;19;400;36;350;31
07/01/2018;20;400;36;350;31
07/01/2018;21;400;36;350;31
07/01/2018;22;400;36;350;31
07/01/2018;23;400;36;350;31
08/01/2018;0;400;36;350;31
08/01/2018;1;400;36;350;31
08/01/2018;2;400;36;350;31
08/01/2018;3;400;36;350;31
08/01/2018;4;400;36;350;31
08/01/2018;5;400;36;350;31
08/01/2018;6;400;36;350;31
08/01/2018;7;400;36;350;31
08/01/2018;8;400;36;350;31
08/01/2018;9;400;36;350;31
08/01/2018;10;400;36;350;31
08/01/2018;11;400;36;350;31
08/01/2018;12;400;36;350;31
08/01/2018;13;400;36;350;31
08/01/2018;14;400;36;350;31
08/01/2018;15;400;36;350;31
08/01/2018;16;400;36;350;31
08/01/2018;17;400;36;350;31
08/01/2018;18;400;36;350;31
08/01/2018;19;400;36;350;31
08/01/2018;20;400;36;350;31
08/01/2018;21;400;36;350;31
08/01/2018;22;400;36;350;31
08/01/2018;23;400;36;350;31
09/01/2018;0;400;36;350;31
09/01/2018;1;400;36;350;31
09/01/2018;2;400;36;350;31
09/01/2018;3;400;36;350;31
09/01/2018;4;400;36;350;31
09/01/2018;5;400;36;350;31
09/01/2018;6;400;36;350;31
09/01/2018;7;400;36;350;31
09/01/2018;8;400;36;350;31
09/01/2018;9;400;36;350;31
09/01/2018;10;400;36;350;31
09/01/2018;11;400;36;350;31
09/01/2018;12;400;36;350;31
09/01/2018;13;400;36;350;31
09/01/2018;14;400;36;350;31
09/01/2018;15;400;36;350;31
09/01/2018;16;400;36;350;31
09/01/2018;17;400;36;350;31
09/01/2018;18;400;36;350;31
09/01/2018;19;400;36;350;31
09/01/2018;20;400;36;350;31
09/01/2018;21;400;36;350;31
09/01/2018;22;400;36;350;31
09/01/2018;23;400;36;350;31
10/01/2018;0;400;36;350;31
10/01/2018;1;400;36;350;31
10/01/2018;2;400;36;350;31
10/01/2018;3;400;36;350;31
10/01/2018;4;400;36;350;31
10/01/2018;5;400;36;350;31
10/01/2018;6;400;36;350;31
10/01/2018;7;400;36;350;31
10/01/2018;8;400;36;350;31
10/01/2018;9;400;36;350;31
10/01/2018;10;400;36;350;31
10/01/2018;11;400;36;350;31
10/01/2018;12;400;36;350;31
10/01/2018;13;400;36;350;31
10/01/2018;14;400;36;350;31
10/01/2018;15;400;36;350;31
10/01/2018;16;400;36;350;31
10/01/2018;17;400;36;350;31
10/01/2018;18;400;36;350;31
10/01/2018;19;400;36;350;31
10/01/2018;20;400;36;350;31
10/01/2018;21;400;36;350;31
10/01/2018;22;400;36;350;31
10/01/2018;23;400;36;350;31
11/01/2018;0;400;36;350;31
11/01/2018;1;400;36;350;31
11/01/2018;2;400;36;350;31
11/01/2018;3;400;36;350;31
11/01/2018;4;400;36;350;31
11/01/2018;5;400;36;350;31
11/01/2018;6;400;36;350;31
11/01/2018;7;400;36;350;31
11/01/2018;8;400;36;350;31
11/01/2018;9;400;36;350;31
11/01/2018;10;400;36;350;31
11/01/2018;11;400;36;350;31
11/01/2018;12;400;36;350;31
11/01/2018;13;400;36;350;31
11/01/2018;14;400;36;350;31
11/01/2018;15;400;36;350;31
11/01/2018;16;400;36;350;31
11/01/2018;17;400;36;350;31
11/01/2018;18;400;36;350;31
11/01/2018;19;400;36;350;31
11/01/2018;20;400;36;350;31
11/01/2018;21;400;36;350;31
11/01/2018;22;400;36;350;31
11/01/2018;23;400;36;350;31
12/01/2018;0;400;36;350;31
12/01/2018;1;400;36;350;31
12/01/2018;2;400;36;350;31
12/01/2018;3;400;36;350;31
12/01/2018;4;400;36;350;31
12/01/2018;5;400;36;350;31
12/01/2018;6;400;36;350;31
12/01/2018;7;400;36;350;31
12/01/2018;8;400;36;350;31
12/01/2018;9;400;36;350;31
12/01/2018;10;400;36;350;31
12/01/2018;11;400;36;350;31
12/01/2018;12;400;36;350;31
12/01/2018;13;400;36;350;31
12/01/2018;14;400;36;350;31
12/01/2018;15;400;36;350;31
12/01/2018;16;400;36;350;31
12/01/2018;17;400;36;350;31
12/01/2018;18;400;36;350;31
12/01/2018;19;400;36;350;31
12/01/2018;20;400;36;350;31
12/01/2018;21;400;36;350;31
12/01/2018;22;400;36;350;31
12/01/2018;23;400;36;350;31
13/01/2018;0;400;36;350;31
13/01/2018;1;400;36;350;31
13/01/2018;2;400;36;350;31
13/01/2018;3;400;36;350;31
13/01/2018;4;400;36;350;31
13/01/2018;5;400;36;350;31
13/01/2018;6;400;36;350;31
13/01/2018;7;400;36;350;31
13/01/2018;8;400;36;350;31
13/01/2018;9;400;36;350;31
13/01/2018;10;400;36;350;31
13/01/2018;11;400;36;350;31
13/01/2018;12;400;36;350;31
13/01/2018;13;400;36;350;31
13/01/2018;14;400;36;350;31
13/01/2018;15;400;36;350;31
13/01/2018;16;400;36;350;31
13/01/2018;17;400;36;350;31
13/01/2018;18;400;36;350;31
13/01/2018;19;400;36;350;31
13/01/2018;20;400;36;350;31
13/01/2018;21;400;36;350;31
13/01/2018;22;400;36;350;31
13/01/2018;23;400;36;350;31
14/01/2018;0;400;36;350;31
14/01/2018;1;400;36;350;31
14/01/2018;2;400;36;350;31
14/01/2018;3;400;36;350;31
14/01/2018;4;400;36;350;31
14/01/2018;5;400;36;350;31
14/01/2018;6;400;36;350;31
14/01/2018;7;400;36;350;31
14/01/2018;8;400;36;350;31
14/01/2018;9;400;36;350;31
14/01/2018;10;400;36;350;31
14/01/2018;11;400;36;350;31
14/01/2018;12;400;36;350;31
14/01/2018;13;400;36;350;31
14/01/2018;14;400;36;350;31
14/01/2018;15;400;36;350;31
14/01/2018;16;400;36;350;31
14/01/2018;17;400;36;350;31
14/01/2018;18;400;36;350;31
14/01/2018;19;400;36;350;31
14/01/2018;20;400;36;350;31
14/01/2018;21;400;36;350;31
14/01/2018;22;400;36;350;31
14/01/2018;23;400;36;350;31
15/01/2018;0;400;36;350;31
15/01/2018;1;400;36;350;31
15/01/2018;2;400;36;350;31
15/01/2018;3;400;36;350;31
15/01/2018;4;400;36;350;31
15/01/2018;5;400;36;350;31
15/01/2018;6;400;36;350;31
15/01/2018;7;400;36;350;31
15/01/2018;8;400;36;350;31
15/01/2018;9;400;36;350;31
15/01/2018;10;400;36;350;31
15/01/2018;11;400;36;350;31
15/01/2018;12;400;36;350;31
15/01/2018;13;400;36;350;31
15/01/2018;14;400;36;350;31
15/01/2018;15;400;36;350;31
15/01/2018;16;400;36;350;31
15/01/2018;17;400;36;350;31
15/01/2018;18;400;36;350;31
15/01/2018;19;400;36;350;31
15/01/2018;20;400;36;350;31
15/01/2018;21;400;36;350;31
15/01/2018;22;400;36;350;31
15/01/2018;23;400;36;350;31
16/01/2018;0;400;36;350;31
16/01/2018;1;400;36;350;31
16/01/2018;2;400;36;350;31
16/01/2018;3;400;36;350;31
16/01/2018;4;400;36;350;31
16/01/2018;5;400;36;350;31
16/01/2018;6;400;36;350;31
16/01/2018;7;400;36;350;31
16/01/2018;8;400;36;350;31
16/01/2018;9;400;36;350;31
16/01/2018;10;400;36;350;31
16/01/2018;11;400;36;350;31
16/01/2018;12;400;36;350;31
16/01/2018;13;400;36;350;31
16/01/2018;14;400;36;350;31
16/01/2018;15;400;36;350;31
16/01/2018;16;400;36;350;31
16/01/2018;17;400;36;350;31
16/01/2018;18;400;36;350;31
16/01/2018;19;400;36;350;31
16/01/2018;20;400;36;350;31
16/01/2018;21;400;36;350;31
16/01/2018;22;400;36;350;31
16/01/2018;23;400;36;350;31
17/01/2018;0;400;36;350;31
17/01/2018;1;400;36;350;31
17/01/2018;2;400;36;350;31
17/01/2018;3;400;36;350;31
17/01/2018;4;400;36;350;31
17/01/2018;5;400;36;350;31
17/01/2018;6;400;36;350;31
17/01/2018;7;400;36;350;31
17/01/2018;8;400;36;350;31
17/01/2018;9;400;36;350;31
17/01/2018;10;400;36;350;31
17/01/2018;11;400;36;350;31
17/01/2018;12;400;36;350;31
17/01/2018;13;400;36;350;31
17/01/2018;14;400;36;350;31
17/01/2018;15;400;36;350;31
17/01/2018;16;400;36;350;31
17/01/2018;17;400;36;350;31
17/01/2018;18;400;36;350;31
17/01/2018;19;400;36;350;31
17/01/2018;20;400;36;350;31
17/01/2018;21;400;36;350;31
17/01/2018;22;400;36;350;31
17/01/2018;23;400;36;350;31
18/01/2018;0;400;36;350;31
18/01/2018;1;400;36;350;31
18/01/2018;2;400;36;350;31
18/01/2018;3;400;36;350;31
18/01/2018;4;400;36;350;31
18/01/2018;5;400;36;350;31
18/01/2018;6;400;36;350;31
18/01/2018;7;400;36;350;31
18/01/2018;8;400;36;350;31
18/01/2018;9;400;36;350;31
18/01/2018;10;400;36;350;31
18/01/2018;11;400;36;350;31
18/01/2018;12;400;36;350;31
18/01/2018;13;400;36;350;31
18/01/2018;14;400;36;350;31
18/01/2018;15;400;36;350;31
18/01/2018;16;400;36;350;31
18/01/2018;17;400;36;350;31
18/01/2018;18;400;36;350;31
18/01/2018;19;400;36;350;31
18/01/2018;20;400;36;350;31
18/01/2018;21;400;36;350;31
18/01/2018;22;400;36;350;31
18/01/2018;23;400;36;350;31
19/01/2018;0;400;36;350;31
19/01/2018;1;400;36;350;31
19/01/2018;2;400;36;350;31
19/01/2018;3;400;36;350;31
19/01/2018;4;400;36;350;31
19/01/2018;5;400;36;350;31
19/01/2018;6;400;36;350;31
19/01/2018;7;400;36;350;31
19/01/2018;8;400;36;350;31
19/01/2018;9;400;36;350;31
19/01/2018;10;400;36;350;31
19/01/2018;11;400;36;350;31
19/01/2018;12;400;36;350;31
19/01/2018;13;400;36;350;31
19/01/2018;14;400;36;350;31
19/01/2018;15;400;36;350;31
19/01/2018;16;400;36;350;31
19/01/2018;17;400;36;350;31
19/01/2018;18;400;36;350;31
19/01/2018;19;400;36;350;31
19/01/2018;20;400;36;350;31
19/01/2018;21;400;36;350;31
19/01/2018;22;400;36;350;31
19/01/2018;23;400;36;350;31
20/01/2018;0;400;36;350;31
20/01/2018;1;400;36;350;31
20/01/2018;2;400;36;350;31
20/01/2018;3;400;36;350;31
20/01/2018;4;400;36;350;31
20/01/2018;5;400;36;350;31
20/01/2018;6;400;36;350;31
20/01/2018;7;400;36;350;31
20/01/2018;8;400;36;350;31
20/01/2018;9;400;36;350;31
20/01/2018;10;400;36;350;31
20/01/2018;11;400;36;350;31
20/01/2018;12;400;36;350;31
20/01/2018;13;400;36;350;31
20/01/2018;14;400;36;350;31
20/01/2018;15;400;36;350;31
20/01/2018;16;400;36;350;31
20/01/2018;17;400;36;350;31
20/01/2018;18;400;36;350;31
20/01/2018;19;400;36;350;31
20/01/2018;20;400;36;350;31
20/01/2018;21;400;36;350;31
20/01/2018;22;400;36;350;31
20/01/2018;23;400;36;350;31
21/01/2018;0;400;36;350;31
21/01/2018;1;400;36;350;31
21/01/2018;2;400;36;350;31
21/01/2018;3;400;36;350;31
21/01/2018;4;400;36;350;31
21/01/2018;5;400;36;350;31
21/01/2018;6;400;36;350;31
21/01/2018;7;400;36;350;31
21/01/2018;8;400;36;350;31
21/01/2018;9;400;36;350;31
21/01/2018;10;400;36;350;31
21/01/2018;11;400;36;350;31
21/01/2018;12;400;36;350;31
21/01/2018;13;400;36;350;31
21/01/2018;14;400;36;350;31
21/01/2018;15;400;36;350;31
21/01/2018;16;400;36;350;31
21/01/2018;17;400;36;350;31
21/01/2018;18;400;36;350;31
21/01/2018;19;400;36;350;31
21/01/2018;20;400;36;350;31
21/01/2018;21;400;36;350;31
21/01/2018;22;400;36;350;31
21/01/2018;23;400;36;350;31
22/01/2018;0;400;36;350;31
22/01/2018;1;400;36;350;31
22/01/2018;2;400;36;350;31
22/01/2018;3;400;36;350;31
22/01/2018;4;400;36;350;31
22/01/2018;5;400;36;350;31
22/01/2018;6;400;36;350;31
22/01/2018;7;400;36;350;31
22/01/2018;8;400;36;350;31
22/01/2018;9;400;36;350;31
22/01/2018;10;400;36;350;31
22/01/2018;11;400;36;350;31
22/01/2018;12;400;36;350;31
22/01/2018;13;400;36;350;31
22/01/2018;14;400;36;350;31
22/01/2018;15;400;36;350;31
22/01/2018;16;400;36;350;31
22/01/2018;17;400;36;350;31
22/01/2018;18;400;36;350;31
22/01/2018;19;400;36;350;31
22/01/2018;20;400;36;350;31
22/01/2018;21;400;36;350;31
22/01/2018;22;400;36;350;31
22/01/2018;23;400;36;350;31
23/01/2018;0;400;36;350;31
23/01/2018;1;400;36;350;31
23/01/2018;2;400;36;350;31
23/01/2018;3;400;36;350;31
23/01/2018;4;400;36;350;31
23/01/2018;5;400;36;350;31
23/01/2018;6;400;36;350;31
23/01/2018;7;400;36;350;31
23/01/2018;8;400;36;350;31
23/01/2018;9;400;36;350;31
23/01/2018;10;400;36;350;31
23/01/2018;11;400;36;350;31
23/01/2018;12;400;36;350;31
23/01/2018;13;400;36;350;31
23/01/2018;14;400;36;350;31
23/01/2018;15;400;36;350;31
23/01/2018;16;400;36;350;31
23/01/2018;17;400;36;350;31
23/01/2018;18;400;36;350;31
23/01/2018;19;400;36;350;31
23/01/2018;20;400;36;350;31
23/01/2018;21;400;36;350;31
23/01/2018;22;400;36;350;31
23/01/2018;23;400;36;350;31
24/01/2018;0;400;36;350;31
24/01/2018;1;400;36;350;31
24/01/2018;2;400;36;350;31
24/01/2018;3;400;36;350;31
24/01/2018;4;400;36;350;31
24/01/2018;5;400;36;350;31
24/01/2018;6;400;36;350;31
24/01/2018;7;400;36;350;31
24/01/2018;8;400;36;350;31
24/01/2018;9;400;36;350;31
24/01/2018;10;400;36;350;31
24/01/2018;11;400;36;350;31
24/01/2018;12;400;36;350;31
24/01/2018;13;400;36;350;31
24/01/2018;14;400;36;350;31
24/01/2018;15;400;36;350;31
24/01/2018;16;400;36;350;31
24/01/2018;17;400;36;350;31
24/01/2018;18;400;36;350;31
24/01/2018;19;400;36;350;31
24/01/2018;20;400;36;350;31
24/01/2018;21;400;36;350;31
24/01/2018;22;400;36;350;31
24/01/2018;23;400;36;350;31
25/01/2018;0;400;36;350;31
25/01/2018;1;400;36;350;31
25/01/2018;2;400;36;350;31
25/01/2018;3;400;36;350;31
25/01/2018;4;400;36;350;31
25/01/2018;5;400;36;350;31
25/01/2018;6;400;36;350;31
25/01/2018;7;400;36;350;31
25/01/2018;8;400;36;350;31
25/01/2018;9;400;36;350;31
25/01/2018;10;400;36;350;31
25/01/2018;11;400;36;350;31
25/01/2018;12;400;36;350;31
25/01/2018;13;400;36;350;31
25/01/2018;14;400;36;350;31
25/01/2018;15;400;36;350;31
25/01/2018;16;400;36;350;31
25/01/2018;17;400;36;350;31
25/01/2018;18;400;36;350;31
25/01/2018;19;400;36;350;31
25/01/2018;20;400;36;350;31
25/01/2018;21;400;36;350;31
25/01/2018;22;400;36;350;31
25/01/2018;23;400;36;350;31
26/01/2018;0;400;36;350;31
26/01/2018;1;400;36;350;31
26/01/2018;2;400;36;350;31
26/01/2018;3;400;36;350;31
26/01/2018;4;400;36;350;31
26/01/2018;5;400;36;350;31
26/01/2018;6;400;36;350;31
26/01/2018;7;400;36;350;31
26/01/2018;8;400;36;350;31
26/01/2018;9;400;36;350;31
26/01/2018;10;400;36;350;31
26/01/2018;11;400;36;350;31
26/01/2018;12;400;36;350;31
26/01/2018;13;400;36;350;31
26/01/2018;14;400;36;350;31
26/01/2018;15;400;36;350;31
26/01/2018;16;400;36;350;31
26/01/2018;17;400;36;350;31
26/01/2018;18;400;36;350;31
26/01/2018;19;400;36;350;31
26/01/2018;20;400;36;350;31
26/01/2018;21;400;36;350;31
26/01/2018;22;400;36;350;31
26/01/2018;23;400;36;350;31
27/01/2018;0;400;36;350;31
27/01/2018;1;400;36;350;31
27/01/2018;2;400;36;350;31
27/01/2018;3;400;36;350;31
27/01/2018;4;400;36;350;31
27/01/2018;5;400;36;350;31
27/01/2018;6;400;36;350;31
27/01/2018;7;400;36;350;31
27/01/2018;8;400;36;350;31
27/01/2018;9;400;36;350;31
27/01/2018;10;400;36;350;31
27/01/2018;11;400;36;350;31
27/01/2018;12;400;36;350;31
27/01/2018;13;400;36;350;31
27/01/2018;14;400;36;350;31
27/01/2018;15;400;36;350;31
27/01/2018;16;400;36;350;31
27/01/2018;17;400;36;350;31
27/01/2018;18;400;36;350;31
27/01/2018;19;400;36;350;31
27/01/2018;20;400;36;350;31
27/01/2018;21;400;36;350;31
27/01/2018;22;400;36;350;31
27/01/2018;23;400;36;350;31
28/01/2018;0;400;36;350;31
28/01/2018;1;400;36;350;31
28/01/2018;2;400;36;350;31
28/01/2018;3;400;36;350;31
28/01/2018;4;400;36;350;31
28/01/2018;5;400;36;350;31
28/01/2018;6;400;36;350;31
28/01/2018;7;400;36;350;31
28/01/2018;8;400;36;350;31
28/01/2018;9;400;36;350;31
28/01/2018;10;400;36;350;31
28/01/2018;11;400;36;350;31
28/01/2018;12;400;36;350;31
28/01/2018;13;400;36;350;31
28/01/2018;14;400;36;350;31
28/01/2018;15;400;36;350;31
28/01/2018;16;400;36;350;31
28/01/2018;17;400;36;350;31
28/01/2018;18;400;36;350;31
28/01/2018;19;400;36;350;31
28/01/2018;20;400;36;350;31
28/01/2018;21;400;36;350;31
28/01/2018;22;400;36;350;31
28/01/2018;23;400;36;350;31
29/01/2018;0;400;36;350;31
29/01/2018;1;400;36;350;31
29/01/2018;2;400;36;350;31
29/01/2018;3;400;36;350;31
29/01/2018;4;400;36;350;31
29/01/2018;5;400;36;350;31
29/01/2018;6;400;36;350;31
29/01/2018;7;400;36;350;31
29/01/2018;8;400;36;350;31
29/01/2018;9;400;36;350;31
29/01/2018;10;400;36;350;31
29/01/2018;11;400;36;350;31
29/01/2018;12;400;36;350;31
29/01/2018;13;400;36;350;31
29/01/2018;14;400;36;350;31
29/01/2018;15;400;36;350;31
29/01/2018;16;400;36;350;31
29/01/2018;17;400;36;350;31
29/01/2018;18;400;36;350;31
29/01/2018;19;400;36;350;31
29/01/2018;20;400;36;350;31
29/01/2018;21;400;36;350;31
29/01/2018;22;400;36;350;31
29/01/2018;23;400;36;350;31
30/01/2018;0;400;36;350;31
30/01/2018;1;400;36;350;31
30/01/2018;2;400;36;350;31
30/01/2018;3;400;36;350;31
30/01/2018;4;400;36;350;31
30/01/2018;5;400;36;350;31
30/01/2018;6;400;36;350;31
30/01/2018;7;400;36;350;31
30/01/2018;8;400;36;350;31
30/01/2018;9;400;36;350;31
30/01/2018;10;400;36;350;31
30/01/2018;11;400;36;350;31
30/01/2018;12;400;36;350;31
30/01/2018;13;400;36;350;31
30/01/2018;14;400;36;350;31
30/01/2018;15;400;36;350;31
30/01/2018;16;400;36;350;31
30/01/2018;17;400;36;350;31
30/01/2018;18;400;36;350;31
30/01/2018;19;400;36;350;31
30/01/2018;20;400;36;350;31
30/01/2018;21;400;36;350;31
30/01/2018;22;400;36;350;31
30/01/2018;23;400;36;350;31
31/01/2018;0;400;36;350;31
31/01/2018;1;400;36;350;31
31/01/2018;2;400;36;350;31
31/01/2018;3;400;36;350;31
31/01/2018;4;400;36;350;31
31/01/2018;5;400;36;350;31
31/01/2018;6;400;36;350;31
31/01/2018;7;400;36;350;31
31/01/2018;8;400;36;350;31
31/01/2018;9;400;36;350;31
31/01/2018;10;400;36;350;31
31/01/2018;11;400;36;350;31
31/01/2018;12;400;36;350;31
31/01/2018;13;400;36;350;31
31/01/2018;14;400;36;350;31
31/01/2018;15;400;36;350;31
31/01/2018;16;400;36;350;31
31/01/2018;17;400;36;350;31
31/01/2018;18;400;36;350;31
31/01/2018;19;400;36;350;31
31/01/2018;20;400;36;350;31
31/01/2018;21;400;36;350;31
31/01/2018;22;400;36;350;31
31/01/2018;23;400;36;350;31
01/02/2018;0;400;36;350;31
01/02/2018;1;;;;
01/02/2018;2;;;;
01/02/2018;3;;;;
01/02/2018;4;;;;
01/02/2018;5;;;;
01/02/2018;6;;;;
01/02/2018;7;;;;
01/02/2018;8;;;;
01/02/2018;9;;;;
01/02/2018;10;;;;
01/02/2018;11;;;;
01/02/2018;12;;;;
01/02/2018;13;;;;
01/02/2018;14;;;;
01/02/2018;15;;;;
01/02/2018;16;;;;
01/02/2018;17;;;;
01/02/2018;18;;;;
01/02/2018;19;;;;
01/02/2018;20;;;;
01/02/2018;21;;;;
01/02/2018;22;;;;
01/02/2018;23;;;;
02/02/2018;00_-_01;;;;
02/02/2018;01_-_02;;;;
02/02/2018;02_-_03;;;;
02/02/2018;03_-_04;;;;
02/02/2018;04_-_05;;;;
02/02/2018;05_-_06;;;;
02/02/2018;06_-_07;;;;
02/02/2018;07_-_08;;;;
02/02/2018;08_-_09;;;;
02/02/2018;09_-_10;;;;
02/02/2018;10_-_11;;;;
02/02/2018;11_-_12;;;;
02/02/2018;12_-_13;;;;
02/02/2018;13_-_14;;;;
02/02/2018;14_-_15;;;;
02/02/2018;15_-_16;;;;
02/02/2018;16_-_17;;;;
02/02/2018;17_-_18;;;;
02/02/2018;18_-_19;;;;
02/02/2018;19_-_20;;;;
02/02/2018;20_-_21;;;;
02/02/2018;21_-_22;;;;
02/02/2018;22_-_23;;;;
02/02/2018;23_-_00;;;;
03/02/2018;00_-_01;;;;
03/02/2018;01_-_02;;;;
03/02/2018;02_-_03;;;;
03/02/2018;03_-_04;;;;
03/02/2018;04_-_05;;;;
03/02/2018;05_-_06;;;;
03/02/2018;06_-_07;;;;
03/02/2018;07_-_08;;;;
03/02/2018;08_-_09;;;;
03/02/2018;09_-_10;;;;
03/02/2018;10_-_11;;;;
03/02/2018;11_-_12;;;;
03/02/2018;12_-_13;;;;
03/02/2018;13_-_14;;;;
03/02/2018;14_-_15;;;;
03/02/2018;15_-_16;;;;
03/02/2018;16_-_17;;;;
03/02/2018;17_-_18;;;;
03/02/2018;18_-_19;;;;
03/02/2018;19_-_20;;;;
03/02/2018;20_-_21;;;;
03/02/2018;21_-_22;;;;
03/02/2018;22_-_23;;;;
03/02/2018;23_-_00;;;;
04/02/2018;00_-_01;;;;
04/02/2018;01_-_02;;;;
04/02/2018;02_-_03;;;;
04/02/2018;03_-_04;;;;
04/02/2018;04_-_05;;;;
04/02/2018;05_-_06;;;;
04/02/2018;06_-_07;;;;
04/02/2018;07_-_08;;;;
04/02/2018;08_-_09;;;;
04/02/2018;09_-_10;;;;
04/02/2018;10_-_11;;;;
04/02/2018;11_-_12;;;;
04/02/2018;12_-_13;;;;
04/02/2018;13_-_14;;;;
04/02/2018;14_-_15;;;;
04/02/2018;15_-_16;;;;
04/02/2018;16_-_17;;;;
04/02/2018;17_-_18;;;;
04/02/2018;18_-_19;;;;
04/02/2018;19_-_20;;;;
04/02/2018;20_-_21;;;;
04/02/2018;21_-_22;;;;
04/02/2018;22_-_23;;;;
04/02/2018;23_-_00;;;;
05/02/2018;00_-_01;;;;
05/02/2018;01_-_02;;;;
05/02/2018;02_-_03;;;;
05/02/2018;03_-_04;;;;
05/02/2018;04_-_05;;;;
05/02/2018;05_-_06;;;;
05/02/2018;06_-_07;;;;
05/02/2018;07_-_08;;;;
05/02/2018;08_-_09;;;;
05/02/2018;09_-_10;;;;
05/02/2018;10_-_11;;;;
05/02/2018;11_-_12;;;;
05/02/2018;12_-_13;;;;
05/02/2018;13_-_14;;;;
05/02/2018;14_-_15;;;;
05/02/2018;15_-_16;;;;
05/02/2018;16_-_17;;;;
05/02/2018;17_-_18;;;;
05/02/2018;18_-_19;;;;
05/02/2018;19_-_20;;;;
05/02/2018;20_-_21;;;;
05/02/2018;21_-_22;;;;
05/02/2018;22_-_23;;;;
05/02/2018;23_-_00;;;;
06/02/2018;00_-_01;;;;
06/02/2018;01_-_02;;;;
06/02/2018;02_-_03;;;;
06/02/2018;03_-_04;;;;
06/02/2018;04_-_05;;;;
06/02/2018;05_-_06;;;;
06/02/2018;06_-_07;;;;
06/02/2018;07_-_08;;;;
06/02/2018;08_-_09;;;;
06/02/2018;09_-_10;;;;
06/02/2018;10_-_11;;;;
06/02/2018;11_-_12;;;;
06/02/2018;12_-_13;;;;
06/02/2018;13_-_14;;;;
06/02/2018;14_-_15;;;;
06/02/2018;15_-_16;;;;
06/02/2018;16_-_17;;;;
06/02/2018;17_-_18;;;;
06/02/2018;18_-_19;;;;
06/02/2018;19_-_20;;;;
06/02/2018;20_-_21;;;;
06/02/2018;21_-_22;;;;
06/02/2018;22_-_23;;;;
06/02/2018;23_-_00;;;;
07/02/2018;00_-_01;;;;
07/02/2018;01_-_02;;;;
07/02/2018;02_-_03;;;;
07/02/2018;03_-_04;;;;
07/02/2018;04_-_05;;;;
07/02/2018;05_-_06;;;;
07/02/2018;06_-_07;;;;
07/02/2018;07_-_08;;;;
07/02/2018;08_-_09;;;;
07/02/2018;09_-_10;;;;
07/02/2018;10_-_11;;;;
07/02/2018;11_-_12;;;;
07/02/2018;12_-_13;;;;
07/02/2018;13_-_14;;;;
07/02/2018;14_-_15;;;;
07/02/2018;15_-_16;;;;
07/02/2018;16_-_17;;;;
07/02/2018;17_-_18;;;;
07/02/2018;18_-_19;;;;
07/02/2018;19_-_20;;;;
07/02/2018;20_-_21;;;;
07/02/2018;21_-_22;;;;
07/02/2018;22_-_23;;;;
07/02/2018;23_-_00;;;;
08/02/2018;00_-_01;;;;
08/02/2018;01_-_02;;;;
08/02/2018;02_-_03;;;;
08/02/2018;03_-_04;;;;
08/02/2018;04_-_05;;;;
08/02/2018;05_-_06;;;;
08/02/2018;06_-_07;;;;
08/02/2018;07_-_08;;;;
08/02/2018;08_-_09;;;;
08/02/2018;09_-_10;;;;
08/02/2018;10_-_11;;;;
08/02/2018;11_-_12;;;;
08/02/2018;12_-_13;;;;
08/02/2018;13_-_14;;;;
08/02/2018;14_-_15;;;;
08/02/2018;15_-_16;;;;
08/02/2018;16_-_17;;;;
08/02/2018;17_-_18;;;;
08/02/2018;18_-_19;;;;
08/02/2018;19_-_20;;;;
08/02/2018;20_-_21;;;;
08/02/2018;21_-_22;;;;
08/02/2018;22_-_23;;;;
08/02/2018;23_-_00;;;;
09/02/2018;00_-_01;;;;
09/02/2018;01_-_02;;;;
09/02/2018;02_-_03;;;;
09/02/2018;03_-_04;;;;
09/02/2018;04_-_05;;;;
09/02/2018;05_-_06;;;;
09/02/2018;06_-_07;;;;
09/02/2018;07_-_08;;;;
09/02/2018;08_-_09;;;;
09/02/2018;09_-_10;;;;
09/02/2018;10_-_11;;;;
09/02/2018;11_-_12;;;;
09/02/2018;12_-_13;;;;
09/02/2018;13_-_14;;;;
09/02/2018;14_-_15;;;;
09/02/2018;15_-_16;;;;
09/02/2018;16_-_17;;;;
09/02/2018;17_-_18;;;;
09/02/2018;18_-_19;;;;
09/02/2018;19_-_20;;;;
09/02/2018;20_-_21;;;;
09/02/2018;21_-_22;;;;
09/02/2018;22_-_23;;;;
09/02/2018;23_-_00;;;;
10/02/2018;00_-_01;;;;
10/02/2018;01_-_02;;;;
10/02/2018;02_-_03;;;;
10/02/2018;03_-_04;;;;
10/02/2018;04_-_05;;;;
10/02/2018;05_-_06;;;;
10/02/2018;06_-_07;;;;
10/02/2018;07_-_08;;;;
10/02/2018;08_-_09;;;;
10/02/2018;09_-_10;;;;
10/02/2018;10_-_11;;;;
10/02/2018;11_-_12;;;;
10/02/2018;12_-_13;;;;
10/02/2018;13_-_14;;;;
10/02/2018;14_-_15;;;;
10/02/2018;15_-_16;;;;
10/02/2018;16_-_17;;;;
10/02/2018;17_-_18;;;;
10/02/2018;18_-_19;;;;
10/02/2018;19_-_20;;;;
10/02/2018;20_-_21;;;;
10/02/2018;21_-_22;;;;
10/02/2018;22_-_23;;;;
10/02/2018;23_-_00;;;;
11/02/2018;00_-_01;;;;
11/02/2018;01_-_02;;;;
11/02/2018;02_-_03;;;;
11/02/2018;03_-_04;;;;
11/02/2018;04_-_05;;;;
11/02/2018;05_-_06;;;;
11/02/2018;06_-_07;;;;
11/02/2018;07_-_08;;;;
11/02/2018;08_-_09;;;;
11/02/2018;09_-_10;;;;
11/02/2018;10_-_11;;;;
11/02/2018;11_-_12;;;;
11/02/2018;12_-_13;;;;
11/02/2018;13_-_14;;;;
11/02/2018;14_-_15;;;;
11/02/2018;15_-_16;;;;
11/02/2018;16_-_17;;;;
11/02/2018;17_-_18;;;;
11/02/2018;18_-_19;;;;
11/02/2018;19_-_20;;;;
11/02/2018;20_-_21;;;;
11/02/2018;21_-_22;;;;
11/02/2018;22_-_23;;;;
11/02/2018;23_-_00;;;;