Consumption prognosis in MWh,,,,,,,,,
Data was last updated 12-02-2018,,,,,,,,,
,Hours,NO,SE,FI,DK1,DK2,EE,LV,LT
01-01-2018,"0,00",16422,15419,9752,1831,1591,794,638,1097
01-01-2018,"1,00",16272,15171,9498,1748,1541,814,602,1054
01-01-2018,"2,00",16101,14909,9368,1659,1497,807,582,1020
01-01-2018,"3,00",16011,14812,9362,1600,1426,809,565,1001
01-01-2018,"4,00",15975,14713,9435,1561,1378,843,568,1004
01-01-2018,"5,00",16012,14795,9571,1534,1339,934,573,1046
01-01-2018,"6,00",16262,15038,9610,1577,1288,1038,605,1091
01-01-2018,"7,00",16562,15254,9782,1670,1304,1136,628,1125
01-01-2018,"8,00",17171,15429,9775,1666,1347,1181,656,1167
01-01-2018,"9,00",17809,15621,9770,1856,1360,1193,683,1233
01-01-2018,"10,00",18314,16095,9923,1987,1454,1186,712,1283
01-01-2018,"11,00",18543,16458,10045,2039,1537,1177,735,1307
01-01-2018,"12,00",18560,16654,10077,2081,1557,1188,740,1320
01-01-2018,"13,00",18610,16795,10152,2058,1568,1179,737,1321
01-01-2018,"14,00",18610,16981,10419,2070,1588,1203,761,1335
01-01-2018,"15,00",18802,17534,10653,2169,1650,1229,827,1412
01-01-2018,"16,00",18981,17982,10734,2256,1734,1211,849,1455
01-01-2018,"17,00",18979,18075,10758,2453,1848,1179,835,1444
01-01-2018,"18,00",18823,17839,10755,2392,1793,1142,830,1423
01-01-2018,"19,00",18666,17484,10609,2243,1703,1100,794,1375
01-01-2018,"20,00",18524,17130,10286,2114,1621,1041,763,1305
01-01-2018,"21,00",18296,16571,10500,2009,1524,967,709,1207
01-01-2018,"22,00",17729,15952,10342,1883,1418,892,638,1104
01-01-2018,"23,00",17027,15347,9946,1766,1325,862,602,1053
02-01-2018,"0,00",17126,15337,9715,1672,1258,794,577,1022
02-01-2018,"1,00",16940,14997,9517,1629,1188,814,571,995
02-01-2018,"2,00",16941,14948,9458,1631,1167,807,565,985
02-01-2018,"3,00",16970,14947,9513,1649,1187,809,575,996
02-01-2018,"4,00",17320,15111,9828,1687,1235,843,623,1065
02-01-2018,"5,00",18016,15780,10464,1783,1293,934,735,1264
02-01-2018,"6,00",18369,17160,10829,2164,1410,1038,868,1464
02-01-2018,"7,00",19838,18588,11155,2570,1706,1136,969,1600
02-01-2018,"8,00",20379,19230,11170,2737,1865,1181,998,1657
02-01-2018,"9,00",20420,19450,11118,2760,1918,1193,1009,1686
02-01-2018,"10,00",20537,19707,11133,2825,1950,1186,1010,1695
02-01-2018,"11,00",20716,19791,11154,2831,1937,1177,1008,1680
02-01-2018,"12,00",20899,19674,11140,2756,1917,1188,1015,1695
02-01-2018,"13,00",20938,19651,11150,2663,1903,1179,1028,1676
02-01-2018,"14,00",21022,19653,11268,2670,1891,1203,1041,1673
02-01-2018,"15,00",21179,20118,11435,2677,1890,1229,1078,1716
02-01-2018,"16,00",21484,20391,11426,2848,2011,1211,1071,1737
02-01-2018,"17,00",21406,20489,11346,3069,2164,1179,1043,1700
02-01-2018,"18,00",21256,20139,11303,2965,2100,1142,1017,1647
02-01-2018,"19,00",21032,19703,11135,2692,1937,1100,974,1592
02-01-2018,"20,00",20859,19054,10703,2444,1780,1041,910,1503
02-01-2018,"21,00",20444,18325,10762,2271,1662,967,816,1366
02-01-2018,"22,00",19936,17481,10567,2128,1572,892,733,1234
02-01-2018,"23,00",18792,16639,10034,1981,1451,845,663,1167
03-01-2018,"0,00",17693,15596,9626,1864,1258,801,603,1070
03-01-2018,"1,00",17237,15317,9405,1839,1197,769,591,1042
03-01-2018,"2,00",17035,15150,9328,1840,1176,753,590,1029
03-01-2018,"3,00",17058,15170,9361,1833,1190,743,581,1039
03-01-2018,"4,00",17233,15371,9641,1893,1228,749,624,1105
03-01-2018,"5,00",17736,16122,10248,2069,1340,765,753,1303
03-01-2018,"6,00",19052,17474,10593,2423,1574,793,893,1495
03-01-2018,"7,00",20571,18768,10893,2791,1850,819,992,1629
03-01-2018,"8,00",21121,19558,10897,2994,1960,819,1029,1689
03-01-2018,"9,00",21237,19817,10851,3041,1997,858,1038,1705
03-01-2018,"10,00",21317,20093,10868,3117,2029,885,1028,1706
03-01-2018,"11,00",21291,20299,10895,3118,2015,901,1000,1687
03-01-2018,"12,00",21220,20225,10887,2978,2026,909,1019,1701
03-01-2018,"13,00",21155,20148,10905,2957,2015,919,1018,1679
03-01-2018,"14,00",21296,20152,11016,2960,1989,951,1023,1665
03-01-2018,"15,00",21575,20440,11182,2891,1998,1004,1062,1710
03-01-2018,"16,00",21777,20675,11176,3006,2134,1004,1069,1740
03-01-2018,"17,00",21665,20681,11119,3179,2258,995,1051,1707
03-01-2018,"18,00",21361,20361,11085,3034,2173,972,1009,1655
03-01-2018,"19,00",21081,19929,10932,2850,2040,956,960,1601
03-01-2018,"20,00",20708,19245,10510,2641,1902,931,902,1499
03-01-2018,"21,00",20267,18519,10569,2470,1769,885,833,1354
03-01-2018,"22,00",19508,17641,10379,2273,1632,841,737,1221
03-01-2018,"23,00",18640,16781,9866,2081,1500,790,755,1143
04-01-2018,"0,00",17671,15690,9488,1954,1374,796,649,1103
04-01-2018,"1,00",17294,15356,9288,1899,1286,775,633,1077
04-01-2018,"2,00",17083,15225,9224,1901,1247,775,628,1069
04-01-2018,"3,00",17056,15245,9281,1894,1262,791,639,1080
04-01-2018,"4,00",17248,15446,9597,1941,1300,833,675,1137
04-01-2018,"5,00",17703,16116,10293,2083,1420,923,791,1334
04-01-2018,"6,00",18916,17411,10690,2515,1669,1051,937,1541
04-01-2018,"7,00",20338,18809,11014,2946,1898,1143,1089,1679
04-01-2018,"8,00",20862,19705,11018,3106,1979,1177,1097,1730
04-01-2018,"9,00",20909,19953,10942,3043,1974,1194,1102,1739
04-01-2018,"10,00",20960,20265,10958,3058,1992,1198,1110,1734
04-01-2018,"11,00",20908,20483,11002,3026,2004,1199,1064,1703
04-01-2018,"12,00",20805,20456,10983,2916,2000,1209,1080,1718
04-01-2018,"13,00",20777,20491,10991,2944,1991,1208,1069,1696
04-01-2018,"14,00",20809,20479,11109,2951,1976,1235,1078,1695
04-01-2018,"15,00",21023,20798,11275,2893,1971,1264,1140,1731
04-01-2018,"16,00",21244,21143,11262,3048,2105,1262,1140,1759
04-01-2018,"17,00",21055,21155,11212,3255,2252,1237,1111,1728
04-01-2018,"18,00",20792,20873,11183,3096,2216,1210,1050,1689
04-01-2018,"19,00",20506,20388,11014,2895,2094,1166,1034,1636
04-01-2018,"20,00",20240,19654,10528,2692,1964,1105,987,1539
04-01-2018,"21,00",19867,18850,10593,2507,1814,1031,867,1390
04-01-2018,"22,00",19248,18028,10395,2330,1674,961,771,1239
04-01-2018,"23,00",18562,17163,9774,2146,1548,0,744,1180
05-01-2018,"0,00",17702,16223,9534,1996,1382,853,660,866
05-01-2018,"1,00",17312,15985,9352,1929,1315,828,636,1106
05-01-2018,"2,00",17227,15878,9289,1927,1291,825,633,1104
05-01-2018,"3,00",17291,15885,9428,1917,1299,844,647,1110
05-01-2018,"4,00",17454,16129,9861,1966,1326,890,692,1163
05-01-2018,"5,00",17912,16891,10630,2126,1405,976,805,1350
05-01-2018,"6,00",19091,18362,10980,2549,1602,1123,948,1544
05-01-2018,"7,00",20641,19745,11290,2967,1895,1233,1080,1690
05-01-2018,"8,00",21359,20538,11205,3083,2009,1262,1136,1753
05-01-2018,"9,00",21494,20701,11163,3037,2039,1270,1127,1772
05-01-2018,"10,00",21541,20855,11195,3085,2070,1270,1159,1767
05-01-2018,"11,00",21570,20874,11172,3061,2044,1258,1093,1741
05-01-2018,"12,00",21500,20683,11133,2926,2017,1273,1106,1742
05-01-2018,"13,00",21440,20472,11027,2861,1993,1272,1061,1716
05-01-2018,"14,00",21396,20529,11162,2779,1952,1286,1087,1697
05-01-2018,"15,00",21571,20939,11438,2688,1945,1308,1111,1721
05-01-2018,"16,00",21757,21432,11451,2805,2055,1313,1132,1774
05-01-2018,"17,00",21578,21478,11420,3021,2194,1283,1073,1738
05-01-2018,"18,00",21353,21087,11449,2902,2140,1245,1043,1693
05-01-2018,"19,00",20941,20539,11193,2653,2008,1208,1011,1637
05-01-2018,"20,00",20498,19910,10725,2490,1873,1141,959,1535
05-01-2018,"21,00",20021,19192,10807,2338,1756,1063,851,1405
05-01-2018,"22,00",19508,18351,10653,2199,1631,983,801,1283
05-01-2018,"23,00",18909,17532,10250,2077,1523,855,700,1205
06-01-2018,"0,00",18075,16787,9985,1943,1417,811,654,1106
06-01-2018,"1,00",17786,16456,9731,1830,1330,789,632,1076
06-01-2018,"2,00",17606,16250,9487,1769,1278,778,625,1066
06-01-2018,"3,00",17547,16270,9439,1783,1258,780,626,1062
06-01-2018,"4,00",17573,16550,9557,1822,1255,798,649,1083
06-01-2018,"5,00",17668,16943,9745,1880,1282,841,704,1156
06-01-2018,"6,00",18059,17692,9724,2000,1349,900,787,1268
06-01-2018,"7,00",18518,18523,10075,2154,1517,962,856,1343
06-01-2018,"8,00",19241,19240,10183,2340,1642,1005,903,1428
06-01-2018,"9,00",19942,19752,10361,2437,1752,1053,938,1488
06-01-2018,"10,00",20426,20185,10569,2507,1852,1064,936,1517
06-01-2018,"11,00",20538,20398,10676,2467,1878,1069,925,1514
06-01-2018,"12,00",20380,20376,10664,2409,1861,1071,926,1498
06-01-2018,"13,00",20251,20305,10661,2372,1843,1085,923,1471
06-01-2018,"14,00",20275,20421,10776,2358,1829,1120,924,1462
06-01-2018,"15,00",20453,20976,11137,2390,1837,1162,1141,1512
06-01-2018,"16,00",20763,21587,11168,2546,1924,1157,1157,1571
06-01-2018,"17,00",20873,21832,11200,2805,2070,1126,1136,1551
06-01-2018,"18,00",20760,21487,11165,2724,2050,1097,1005,1516
06-01-2018,"19,00",20520,21126,10926,2551,1916,1059,922,1469
06-01-2018,"20,00",20171,20587,10539,2384,1785,1010,872,1403
06-01-2018,"21,00",19727,19919,10695,2264,1686,948,804,1306
06-01-2018,"22,00",19330,19178,10534,2142,1595,890,745,1189
06-01-2018,"23,00",18962,18530,9996,2026,1509,832,673,1096
07-01-2018,"0,00",18254,17692,9652,1916,1426,838,640,1062
07-01-2018,"1,00",17951,17484,9458,1834,1361,815,619,1038
07-01-2018,"2,00",17695,17371,9365,1809,1325,812,614,1024
07-01-2018,"3,00",17576,17345,9394,1829,1314,813,611,1028
07-01-2018,"4,00",17620,17509,9481,1863,1338,830,620,1048
07-01-2018,"5,00",17698,17737,9641,1898,1373,864,667,1138
07-01-2018,"6,00",17966,18211,9688,1992,1405,893,730,1202
07-01-2018,"7,00",18238,18823,9923,2151,1547,949,779,1252
07-01-2018,"8,00",18789,19610,9984,2331,1685,984,852,1337
07-01-2018,"9,00",19360,19974,10092,2447,1800,1035,885,1401
07-01-2018,"10,00",19811,20318,10265,2480,1875,1049,903,1423
07-01-2018,"11,00",19993,20579,10335,2454,1888,1062,905,1426
07-01-2018,"12,00",19988,20413,10287,2378,1864,1060,904,1422
07-01-2018,"13,00",20046,20294,10300,2300,1834,1067,956,1413
07-01-2018,"14,00",20126,20240,10518,2289,1818,1093,985,1416
07-01-2018,"15,00",20337,20545,10919,2323,1858,1150,1048,1485
07-01-2018,"16,00",20645,21164,11080,2545,1994,1151,1073,1564
07-01-2018,"17,00",20434,21425,11119,2875,2157,1117,1067,1557
07-01-2018,"18,00",20039,21245,11112,2796,2131,1069,1053,1527
07-01-2018,"19,00",19683,20817,10942,2628,2044,1027,1036,1478
07-01-2018,"20,00",19290,20267,10618,2462,1901,986,992,1400
07-01-2018,"21,00",18983,19567,10800,2342,1777,939,908,1284
07-01-2018,"22,00",18538,18709,10668,2210,1669,893,748,1168
07-01-2018,"23,00",18209,17958,10391,2106,1587,0,702,1108
08-01-2018,"0,00",18178,17536,10142,1944,1519,879,654,1075
08-01-2018,"1,00",17867,17188,9955,1905,1461,862,622,1053
08-01-2018,"2,00",17727,17175,9917,1905,1418,848,618,1049
08-01-2018,"3,00",17603,17323,10042,1964,1443,861,628,1062
08-01-2018,"4,00",17714,17599,10479,2006,1482,902,686,1138
08-01-2018,"5,00",18165,19140,11453,2160,1551,1004,827,1377
08-01-2018,"6,00",19247,20983,11969,2584,1745,1140,974,1593
08-01-2018,"7,00",20543,22850,12266,3023,2055,1250,1094,1728
08-01-2018,"8,00",20998,23381,12175,3183,2199,1289,1137,1777
08-01-2018,"9,00",21076,22482,11993,3150,2200,1292,1139,1781
08-01-2018,"10,00",21214,22484,11903,3183,2195,1289,1127,1774
08-01-2018,"11,00",21169,22367,11877,3123,2159,1270,1103,1742
08-01-2018,"12,00",21137,22122,11815,3006,2113,1281,1126,1750
08-01-2018,"13,00",21209,21918,11805,3013,2086,1276,1123,1731
08-01-2018,"14,00",21246,21886,11880,2978,2076,1292,1125,1725
08-01-2018,"15,00",21443,22233,12058,2929,2082,1310,1170,1745
08-01-2018,"16,00",21606,22544,12151,3076,2192,1301,1145,1771
08-01-2018,"17,00",21406,22755,12076,3324,2350,1277,1124,1733
08-01-2018,"18,00",21183,22347,12065,3157,2279,1242,1076,1676
08-01-2018,"19,00",20925,21905,11896,2927,2111,1199,1043,1616
08-01-2018,"20,00",20614,21235,11378,2751,1923,1123,977,1512
08-01-2018,"21,00",20219,20410,11390,2576,1774,1054,870,1360
08-01-2018,"22,00",19635,19364,11114,2389,1605,973,778,1238
08-01-2018,"23,00",19029,18342,10667,2220,1429,915,710,1158
09-01-2018,"0,00",18632,17630,10231,2097,1309,879,654,1124
09-01-2018,"1,00",18240,17244,10036,2012,1233,862,633,1098
09-01-2018,"2,00",18171,17124,9974,1991,1186,848,632,1091
09-01-2018,"3,00",18243,17173,10050,2043,1175,861,644,1102
09-01-2018,"4,00",18427,17420,10483,2090,1184,902,694,1173
09-01-2018,"5,00",18887,18168,11439,2219,1201,1004,822,1390
09-01-2018,"6,00",20184,19940,11898,2582,1454,1140,989,1597
09-01-2018,"7,00",21678,21709,12176,2999,1727,1250,1109,1728
09-01-2018,"8,00",22286,22183,12039,3160,1828,1289,1139,1764
09-01-2018,"9,00",22214,22130,11872,3084,1771,1292,1147,1762
09-01-2018,"10,00",22213,22163,11841,3099,1865,1289,1128,1759
09-01-2018,"11,00",22176,22056,11872,3055,1919,1270,1106,1727
09-01-2018,"12,00",22179,21804,11805,2927,1890,1281,1128,1741
09-01-2018,"13,00",22098,21630,11794,2943,1869,1276,1124,1719
09-01-2018,"14,00",22149,21598,11858,2894,1847,1292,1126,1710
09-01-2018,"15,00",22288,21893,12044,2815,1850,1310,1166,1732
09-01-2018,"16,00",22570,22272,12127,2933,1938,1301,1149,1773
09-01-2018,"17,00",22453,22570,12029,3133,2060,1277,1132,1742
09-01-2018,"18,00",22228,22254,12019,3002,2033,1242,1094,1695
09-01-2018,"19,00",21991,21879,11835,2839,1892,1199,1057,1634
09-01-2018,"20,00",21775,21259,11295,2643,1717,1123,983,1539
09-01-2018,"21,00",21291,20475,11336,2462,1586,1054,885,1390
09-01-2018,"22,00",20616,19481,11048,2289,1448,973,793,1262
09-01-2018,"23,00",19751,18494,10571,2104,1351,915,712,1172
10-01-2018,"0,00",18851,17784,10163,1959,1257,860,672,1116
10-01-2018,"1,00",18467,17411,9969,1862,1204,846,649,1090
10-01-2018,"2,00",18250,17257,9868,1848,1185,838,646,1085
10-01-2018,"3,00",18221,17396,9918,1904,1223,849,659,1098
10-01-2018,"4,00",18338,17584,10312,1951,1262,898,692,1172
10-01-2018,"5,00",18766,18444,11175,2108,1382,1016,827,1400
10-01-2018,"6,00",20080,20248,11579,2533,1615,1164,998,1618
10-01-2018,"7,00",21576,22035,11809,2952,1915,1271,1117,1743
10-01-2018,"8,00",22062,22423,11637,3075,2056,1303,1141,1784
10-01-2018,"9,00",22091,22346,11477,3016,2071,1299,1155,1773
10-01-2018,"10,00",22088,22355,11466,3080,2071,1292,1143,1760
10-01-2018,"11,00",22010,22360,11503,3105,2071,1277,1103,1730
10-01-2018,"12,00",21875,22125,11452,3034,2093,1287,1125,1741
10-01-2018,"13,00",21750,22034,11452,3053,2091,1301,1117,1723
10-01-2018,"14,00",21814,22047,11538,3005,2057,1316,1126,1722
10-01-2018,"15,00",21977,22331,11712,2929,2039,1336,1171,1745
10-01-2018,"16,00",22126,22628,11803,3028,2118,1323,1161,1800
10-01-2018,"17,00",21982,22840,11723,3225,2237,1296,1133,1760
10-01-2018,"18,00",21644,22533,11711,3044,2157,1265,1101,1711
10-01-2018,"19,00",21303,22089,11543,2815,2038,1222,1057,1651
10-01-2018,"20,00",20896,21423,11055,2618,1899,1162,989,1549
10-01-2018,"21,00",20496,20667,11108,2488,1774,1088,891,1400
10-01-2018,"22,00",19778,19603,10858,2318,1636,993,794,1266
10-01-2018,"23,00",19089,18613,10405,2157,1492,937,721,1180
11-01-2018,"0,00",18213,18054,10061,2008,1364,889,688,1141
11-01-2018,"1,00",17770,17649,9855,1943,1284,864,666,1115
11-01-2018,"2,00",17570,17548,9756,1925,1247,859,666,1108
11-01-2018,"3,00",17567,17575,9825,1964,1268,872,678,1122
11-01-2018,"4,00",17780,17842,10225,2006,1307,921,722,1196
11-01-2018,"5,00",18306,18609,11106,2137,1411,1043,857,1421
11-01-2018,"6,00",19691,20430,11497,2548,1641,1190,1021,1636
11-01-2018,"7,00",21228,22211,11729,2986,1942,1299,1134,1770
11-01-2018,"8,00",21726,22724,11589,3126,2042,1323,1166,1813
11-01-2018,"9,00",21729,22624,11456,3090,2062,1323,1164,1815
11-01-2018,"10,00",21713,22694,11435,3140,2084,1315,1154,1798
11-01-2018,"11,00",21643,22664,11478,3135,2069,1297,1126,1757
11-01-2018,"12,00",21574,22479,11420,3054,2057,1322,1147,1774
11-01-2018,"13,00",21543,22355,11435,3049,2034,1317,1142,1758
11-01-2018,"14,00",21571,22345,11513,3007,2000,1333,1142,1758
11-01-2018,"15,00",21731,22636,11687,2964,1985,1351,1185,1782
11-01-2018,"16,00",21928,22904,11798,3067,2095,1331,1174,1811
11-01-2018,"17,00",21714,23174,11721,3297,2231,1304,1151,1779
11-01-2018,"18,00",21447,22817,11712,3120,2160,1273,1112,1725
11-01-2018,"19,00",21122,22361,11535,2912,2048,1222,1078,1652
11-01-2018,"20,00",20767,21681,11024,2719,1893,1159,1009,1551
11-01-2018,"21,00",20326,20856,11101,2553,1753,1081,915,1400
11-01-2018,"22,00",19673,19762,10846,2316,1573,994,814,1264
11-01-2018,"23,00",18883,18723,10382,2135,1436,936,738,1167
12-01-2018,"0,00",18357,18134,10230,1998,1358,918,719,1146
12-01-2018,"1,00",17862,17669,10001,1920,1310,897,697,1123
12-01-2018,"2,00",17678,17570,9919,1908,1290,888,690,1111
12-01-2018,"3,00",17730,17604,10005,1910,1315,901,702,1124
12-01-2018,"4,00",17859,17831,10446,1960,1345,946,747,1194
12-01-2018,"5,00",18291,18508,11388,2119,1405,1067,885,1436
12-01-2018,"6,00",19551,20284,11929,2531,1587,1215,1048,1648
12-01-2018,"7,00",21088,22047,12307,2954,1883,1322,1159,1762
12-01-2018,"8,00",21814,22532,12290,3082,2001,1347,1207,1796
12-01-2018,"9,00",21854,22584,12246,3030,2018,1348,1194,1794
12-01-2018,"10,00",21899,22491,12224,3079,2022,1343,1175,1782
12-01-2018,"11,00",21867,22359,12181,3039,2001,1326,1149,1742
12-01-2018,"12,00",21710,22113,12070,2904,1987,1346,1167,1757
12-01-2018,"13,00",21634,21813,12004,2866,1976,1337,1158,1744
12-01-2018,"14,00",21575,21629,12050,2771,1944,1347,1156,1745
12-01-2018,"15,00",21708,21730,12283,2730,1936,1374,1169,1770
12-01-2018,"16,00",21907,22069,12441,2838,2049,1376,1190,1806
12-01-2018,"17,00",21717,22311,12344,3054,2175,1353,1169,1756
12-01-2018,"18,00",21459,21936,12228,2934,2126,1321,1127,1691
12-01-2018,"19,00",21050,21266,12000,2702,1957,1277,1088,1621
12-01-2018,"20,00",20607,20466,11481,2493,1810,1205,1018,1525
12-01-2018,"21,00",20079,19697,11554,2322,1691,1123,932,1387
12-01-2018,"22,00",19513,18864,11272,2184,1557,1030,844,1271
12-01-2018,"23,00",18770,18110,10515,2041,1456,981,770,1193
13-01-2018,"0,00",17934,17397,10348,1882,1348,856,710,1155
13-01-2018,"1,00",17628,17013,10104,1793,1279,832,695,1121
13-01-2018,"2,00",17429,16852,9988,1776,1239,814,685,1109
13-01-2018,"3,00",17320,16843,9983,1767,1228,815,690,1103
13-01-2018,"4,00",17276,16851,10087,1797,1233,839,720,1124
13-01-2018,"5,00",17370,17084,10345,1855,1261,886,779,1197
13-01-2018,"6,00",17782,17537,10463,1981,1325,948,864,1291
13-01-2018,"7,00",18255,18176,10797,2192,1435,1000,948,1372
13-01-2018,"8,00",18957,18828,10869,2402,1577,1051,996,1457
13-01-2018,"9,00",19605,19468,10949,2489,1698,1087,1017,1511
13-01-2018,"10,00",20083,19877,11039,2562,1778,1099,1024,1526
13-01-2018,"11,00",20210,20104,11045,2559,1819,1089,1018,1524
13-01-2018,"12,00",20050,20085,11050,2501,1822,1085,1014,1513
13-01-2018,"13,00",19934,20004,11045,2443,1795,1088,1008,1498
13-01-2018,"14,00",19963,19959,11260,2433,1781,1120,1019,1495
13-01-2018,"15,00",20100,20218,11707,2456,1835,1157,1027,1551
13-01-2018,"16,00",20476,20776,11984,2586,1934,1171,1062,1630
13-01-2018,"17,00",20635,21116,12003,2803,2051,1150,1051,1615
13-01-2018,"18,00",20507,20882,11859,2712,1999,1129,1051,1576
13-01-2018,"19,00",20266,20419,11498,2517,1872,1095,1027,1523
13-01-2018,"20,00",19827,19867,11057,2372,1754,1051,960,1450
13-01-2018,"21,00",19338,19269,11218,2146,1652,988,892,1342
13-01-2018,"22,00",18936,18632,11062,2025,1556,933,828,1241
13-01-2018,"23,00",18497,18043,10541,1919,1464,872,769,1161
14-01-2018,"0,00",17820,17393,10333,1806,1361,841,720,1141
14-01-2018,"1,00",17486,17077,10072,1763,1297,827,690,1111
14-01-2018,"2,00",17286,16918,9956,1763,1257,821,679,1095
14-01-2018,"3,00",17176,16882,9944,1768,1243,810,683,1095
14-01-2018,"4,00",17182,16945,10002,1806,1246,832,701,1119
14-01-2018,"5,00",17301,17158,10160,1836,1272,868,738,1188
14-01-2018,"6,00",17536,17570,10180,1923,1337,911,794,1271
14-01-2018,"7,00",17869,18137,10404,2075,1429,968,880,1330
14-01-2018,"8,00",18455,18698,10461,2217,1556,1008,942,1418
14-01-2018,"9,00",19052,19328,10623,2322,1670,1052,975,1486
14-01-2018,"10,00",19574,19814,10829,2384,1757,1074,992,1507
14-01-2018,"11,00",19788,20133,10937,2433,1817,1080,990,1513
14-01-2018,"12,00",19859,20131,10912,2383,1804,1073,971,1509
14-01-2018,"13,00",19982,20022,10880,2357,1804,1077,969,1498
14-01-2018,"14,00",20092,19997,10988,2338,1802,1099,976,1494
14-01-2018,"15,00",20374,20277,11328,2349,1819,1162,1031,1561
14-01-2018,"16,00",20753,20939,11523,2502,1947,1182,1103,1679
14-01-2018,"17,00",20651,21421,11548,2814,2129,1170,1098,1682
14-01-2018,"18,00",20404,21385,11504,2691,2069,1151,1090,1653
14-01-2018,"19,00",20145,21074,11317,2503,1942,1115,1069,1597
14-01-2018,"20,00",19776,20550,10995,2358,1814,1059,1020,1511
14-01-2018,"21,00",19435,19830,11181,2234,1693,996,933,1383
14-01-2018,"22,00",19011,18888,11057,2095,1514,924,826,1264
14-01-2018,"23,00",18547,18168,10836,1981,1412,885,760,1177
15-01-2018,"0,00",17941,17592,10587,1895,1336,957,724,1129
15-01-2018,"1,00",17756,17284,10385,1825,1285,944,703,1100
15-01-2018,"2,00",17653,17227,10350,1772,1263,926,696,1095
15-01-2018,"3,00",17606,17334,10454,1802,1287,946,709,1108
15-01-2018,"4,00",17740,17595,10853,1885,1327,997,756,1181
15-01-2018,"5,00",18217,18428,11746,2013,1426,1126,891,1434
15-01-2018,"6,00",19415,20548,12251,2457,1611,1287,1069,1665
15-01-2018,"7,00",20685,22527,12464,2946,1864,1389,1195,1794
15-01-2018,"8,00",21211,23069,12344,3070,1983,1413,1232,1842
15-01-2018,"9,00",21196,22814,12228,3001,2020,1413,1227,1837
15-01-2018,"10,00",21313,22814,12220,3043,2014,1407,1210,1830
15-01-2018,"11,00",21286,22788,12213,3070,2020,1381,1177,1797
15-01-2018,"12,00",21269,22636,12155,2976,1993,1396,1196,1809
15-01-2018,"13,00",21307,22552,12118,2951,1999,1393,1193,1794
15-01-2018,"14,00",21416,22544,12124,2991,1977,1393,1189,1783
15-01-2018,"15,00",21662,22810,12310,2941,1971,1412,1218,1803
15-01-2018,"16,00",21899,23036,12460,3052,2094,1411,1241,1857
15-01-2018,"17,00",21747,23264,12422,3276,2247,1389,1219,1837
15-01-2018,"18,00",21518,22876,12427,3089,2159,1360,1178,1781
15-01-2018,"19,00",21236,22327,12289,2890,2003,1315,1129,1716
15-01-2018,"20,00",20938,21599,11840,2719,1843,1238,1066,1612
15-01-2018,"21,00",20432,20678,11857,2583,1695,1147,955,1445
15-01-2018,"22,00",19739,19539,11643,2424,1552,1062,867,1311
15-01-2018,"23,00",18960,18411,11234,2244,1438,997,771,1213
16-01-2018,"0,00",18271,17502,10570,2094,1347,957,725,1163
16-01-2018,"1,00",17890,17091,10398,2022,1285,944,707,1136
16-01-2018,"2,00",17774,16944,10345,1990,1263,926,704,1127
16-01-2018,"3,00",17792,16955,10445,1983,1276,946,716,1142
16-01-2018,"4,00",17974,17177,10873,2033,1318,997,768,1215
16-01-2018,"5,00",18461,17957,11801,2254,1390,1126,907,1451
16-01-2018,"6,00",19676,19779,12190,2653,1635,1287,1064,1677
16-01-2018,"7,00",21246,21505,12442,3066,1887,1389,1198,1794
16-01-2018,"8,00",21813,21866,12304,3145,1986,1413,1221,1826
16-01-2018,"9,00",21759,21837,12151,3088,2021,1413,1233,1822
16-01-2018,"10,00",21754,21892,12172,3163,2048,1407,1211,1810
16-01-2018,"11,00",21735,21860,12220,3163,2038,1381,1168,1774
16-01-2018,"12,00",21680,21766,12147,3118,2025,1396,1197,1785
16-01-2018,"13,00",21602,21707,12045,3074,2014,1393,1199,1768
16-01-2018,"14,00",21644,21697,12136,3030,1980,1393,1198,1757
16-01-2018,"15,00",21786,21904,12442,2976,1955,1412,1220,1779
16-01-2018,"16,00",22012,22235,12570,3066,2053,1411,1229,1834
16-01-2018,"17,00",21885,22438,12514,3254,2192,1389,1209,1816
16-01-2018,"18,00",21642,22049,12517,3099,2122,1360,1166,1763
16-01-2018,"19,00",21368,21544,12363,2919,1985,1315,1133,1696
16-01-2018,"20,00",21107,20868,11851,2734,1850,1238,1064,1591
16-01-2018,"21,00",20638,20006,11884,2538,1718,1147,952,1430
16-01-2018,"22,00",19915,18974,11641,2350,1581,1062,847,1290
16-01-2018,"23,00",19100,17911,11188,2163,1455,997,767,1203
17-01-2018,"0,00",18009,17237,10987,2072,1333,925,729,1169
17-01-2018,"1,00",17529,16860,10815,2023,1275,908,711,1148
17-01-2018,"2,00",17407,16709,10772,2031,1264,902,706,1141
17-01-2018,"3,00",17431,16729,10858,2026,1280,921,724,1150
17-01-2018,"4,00",17611,16976,11256,2065,1309,969,777,1225
17-01-2018,"5,00",18189,17746,12124,2233,1403,1101,909,1478
17-01-2018,"6,00",19719,19547,12475,2631,1622,1270,1083,1695
17-01-2018,"7,00",21377,21259,12690,3053,1917,1381,1205,1814
17-01-2018,"8,00",21898,21697,12507,3155,2035,1409,1242,1858
17-01-2018,"9,00",21879,21660,12441,3100,2054,1400,1241,1852
17-01-2018,"10,00",21858,21739,12473,3167,2079,1399,1209,1839
17-01-2018,"11,00",21796,21739,12509,3173,2066,1375,1170,1796
17-01-2018,"12,00",21649,21635,12467,3084,2047,1389,1198,1809
17-01-2018,"13,00",21573,21547,12420,3049,2025,1383,1191,1790
17-01-2018,"14,00",21675,21563,12463,3016,2013,1385,1184,1784
17-01-2018,"15,00",21898,21811,12682,2925,2013,1413,1215,1794
17-01-2018,"16,00",22173,22169,12789,3015,2103,1429,1227,1862
17-01-2018,"17,00",22125,22532,12742,3252,2240,1399,1201,1841
17-01-2018,"18,00",21893,22158,12730,3092,2159,1375,1161,1789
17-01-2018,"19,00",21651,21725,12565,2930,2021,1331,1119,1718
17-01-2018,"20,00",21320,21128,12063,2777,1889,1260,1058,1609
17-01-2018,"21,00",20921,20313,12099,2575,1762,1179,940,1445
17-01-2018,"22,00",20106,19279,11851,2377,1629,1087,845,1297
17-01-2018,"23,00",19155,18231,11428,2216,1514,1009,768,1200
18-01-2018,"0,00",18079,17561,10944,2088,1354,987,747,1145
18-01-2018,"1,00",17614,17264,10727,2011,1290,972,725,1123
18-01-2018,"2,00",17526,17122,10639,2002,1269,970,723,1119
18-01-2018,"3,00",17642,17119,10681,2034,1314,977,734,1130
18-01-2018,"4,00",17893,17340,11055,2053,1330,1027,790,1195
18-01-2018,"5,00",18435,18057,11919,2200,1417,1149,924,1434
18-01-2018,"6,00",19821,19784,12280,2587,1653,1328,1088,1661
18-01-2018,"7,00",21403,21473,12468,3016,1931,1421,1204,1793
18-01-2018,"8,00",21959,22058,12288,3123,2035,1437,1224,1839
18-01-2018,"9,00",21922,22010,12200,3094,2059,1437,1229,1846
18-01-2018,"10,00",21867,22053,12199,3159,2088,1424,1222,1840
18-01-2018,"11,00",21818,21997,12199,3132,2104,1401,1190,1809
18-01-2018,"12,00",21770,21772,12122,3077,2081,1416,1195,1832
18-01-2018,"13,00",21700,21639,12084,3097,2054,1403,1191,1815
18-01-2018,"14,00",21786,21646,12115,3049,2039,1410,1186,1814
18-01-2018,"15,00",21987,21905,12296,2979,2031,1437,1202,1822
18-01-2018,"16,00",22280,22218,12407,3052,2125,1450,1206,1873
18-01-2018,"17,00",22139,22471,12364,3271,2277,1422,1193,1845
18-01-2018,"18,00",21882,22136,12356,3111,2192,1390,1149,1787
18-01-2018,"19,00",21577,21693,12183,2917,2058,1340,1118,1720
18-01-2018,"20,00",21285,21068,11679,2742,1939,1256,1051,1610
18-01-2018,"21,00",20919,20240,11719,2566,1823,1176,944,1446
18-01-2018,"22,00",20304,19261,11465,2387,1691,1087,846,1295
18-01-2018,"23,00",19431,18245,11031,2189,1512,1021,784,1208
19-01-2018,"0,00",18359,17533,10693,2060,1386,979,730,1181
19-01-2018,"1,00",18001,17221,10503,2012,1308,956,715,1160
19-01-2018,"2,00",17824,17143,10430,2014,1294,965,723,1156
19-01-2018,"3,00",17826,17164,10506,2012,1314,987,733,1166
19-01-2018,"4,00",17885,17508,10869,2068,1337,1040,780,1240
19-01-2018,"5,00",18361,18282,11748,2231,1436,1171,958,1479
19-01-2018,"6,00",19669,20083,12212,2607,1673,1351,1047,1696
19-01-2018,"7,00",21222,21915,12437,3033,1951,1456,1169,1820
19-01-2018,"8,00",21871,22572,12366,3155,2063,1473,1205,1873
19-01-2018,"9,00",21829,22607,12325,3099,2071,1473,1202,1872
19-01-2018,"10,00",21847,22555,12393,3107,2085,1467,1190,1858
19-01-2018,"11,00",21780,22472,12394,3045,2061,1450,1152,1828
19-01-2018,"12,00",21571,22155,12331,2906,2027,1464,1168,1835
19-01-2018,"13,00",21493,21768,12198,2804,1998,1449,1157,1816
19-01-2018,"14,00",21434,21583,12188,2694,1964,1446,1156,1797
19-01-2018,"15,00",21491,21688,12351,2665,1948,1474,1170,1803
19-01-2018,"16,00",21674,22011,12480,2777,2046,1488,1195,1861
19-01-2018,"17,00",21526,22462,12389,3044,2210,1453,1180,1836
19-01-2018,"18,00",21320,22124,12267,2904,2157,1418,1120,1770
19-01-2018,"19,00",21005,21481,12056,2665,2015,1358,1089,1707
19-01-2018,"20,00",20570,20575,11574,2472,1869,1286,1016,1602
19-01-2018,"21,00",20002,19822,11636,2337,1755,1203,946,1457
19-01-2018,"22,00",19422,19029,11382,2182,1633,1118,860,1343
19-01-2018,"23,00",18862,18266,10835,2052,1497,1043,792,1228
20-01-2018,"0,00",18121,17636,10734,1930,1374,931,727,1178
20-01-2018,"1,00",17814,17231,10490,1819,1297,911,706,1145
20-01-2018,"2,00",17592,17074,10406,1761,1279,898,691,1131
20-01-2018,"3,00",17476,17029,10399,1767,1269,902,699,1130
20-01-2018,"4,00",17388,17158,10520,1791,1273,922,720,1157
20-01-2018,"5,00",17550,17407,10769,1860,1306,976,789,1241
20-01-2018,"6,00",18017,17942,10892,1996,1379,1032,865,1332
20-01-2018,"7,00",18557,18579,11237,2187,1486,1096,921,1411
20-01-2018,"8,00",19240,19205,11281,2364,1610,1149,965,1505
20-01-2018,"9,00",19878,19815,11347,2468,1721,1183,996,1560
20-01-2018,"10,00",20333,20267,11401,2505,1791,1201,993,1580
20-01-2018,"11,00",20422,20358,11416,2494,1808,1201,979,1585
20-01-2018,"12,00",20316,20166,11393,2430,1804,1191,972,1564
20-01-2018,"13,00",20207,19973,11338,2391,1801,1197,963,1538
20-01-2018,"14,00",20179,19838,11478,2350,1789,1213,959,1522
20-01-2018,"15,00",20266,20076,11898,2373,1813,1268,1011,1548
20-01-2018,"16,00",20605,20643,12242,2509,1920,1300,1042,1658
20-01-2018,"17,00",20785,21074,12303,2787,2062,1282,1029,1658
20-01-2018,"18,00",20670,20804,12168,2663,2014,1251,1005,1612
20-01-2018,"19,00",20419,20294,11804,2444,1887,1213,978,1556
20-01-2018,"20,00",19945,19646,11383,2287,1767,1163,925,1478
20-01-2018,"21,00",19443,19026,11520,2158,1672,1100,855,1364
20-01-2018,"22,00",19034,18407,11385,2034,1571,1037,808,1264
20-01-2018,"23,00",18614,17778,10947,1930,1477,976,731,1190
21-01-2018,"0,00",18184,17356,10829,1827,1392,952,690,1138
21-01-2018,"1,00",17824,17114,10566,1737,1319,936,668,1105
21-01-2018,"2,00",17578,16983,10415,1693,1274,934,659,1095
21-01-2018,"3,00",17459,16973,10428,1702,1254,937,660,1099
21-01-2018,"4,00",17460,17074,10499,1721,1257,950,695,1123
21-01-2018,"5,00",17545,17265,10672,1779,1282,984,740,1197
21-01-2018,"6,00",17741,17726,10707,1905,1338,1039,802,1264
21-01-2018,"7,00",18104,18328,10940,2083,1459,1105,863,1329
21-01-2018,"8,00",18646,18896,10981,2254,1595,1155,893,1414
21-01-2018,"9,00",19186,19570,11129,2353,1705,1194,932,1491
21-01-2018,"10,00",19669,20041,11291,2416,1772,1207,945,1523
21-01-2018,"11,00",19872,20743,11369,2424,1812,1203,940,1535
21-01-2018,"12,00",19908,20686,11368,2372,1825,1194,940,1528
21-01-2018,"13,00",19910,20532,11326,2326,1812,1193,941,1518
21-01-2018,"14,00",19910,20519,11413,2317,1798,1210,948,1515
21-01-2018,"15,00",20152,20811,11813,2337,1821,1278,1000,1559
21-01-2018,"16,00",20570,21521,12077,2463,1893,1317,1051,1679
21-01-2018,"17,00",20539,22163,12120,2798,2091,1314,1030,1684
21-01-2018,"18,00",20344,22160,12095,2739,2077,1291,1020,1654
21-01-2018,"19,00",20084,21875,11919,2539,1944,1263,1010,1601
21-01-2018,"20,00",19798,21402,11569,2344,1784,1204,988,1507
21-01-2018,"21,00",19473,20739,11772,2260,1690,1131,886,1384
21-01-2018,"22,00",19005,19939,11659,2135,1580,1059,786,1260
21-01-2018,"23,00",18526,19235,11351,2000,1479,1004,727,1173
22-01-2018,"0,00",18541,18263,11067,1888,1402,1007,671,1128
22-01-2018,"1,00",18237,17991,10854,1851,1345,984,664,1104
22-01-2018,"2,00",18155,17909,10774,1846,1318,977,648,1100
22-01-2018,"3,00",18095,17973,10907,1852,1305,997,660,1119
22-01-2018,"4,00",18238,18310,11288,1912,1339,1047,715,1195
22-01-2018,"5,00",18774,19096,12206,2082,1435,1171,844,1447
22-01-2018,"6,00",20090,20910,12650,2525,1686,1331,999,1668
22-01-2018,"7,00",21540,22762,12872,2933,1965,1430,1125,1817
22-01-2018,"8,00",22114,23155,12786,3062,2075,1449,1172,1872
22-01-2018,"9,00",22086,23094,12617,3047,2080,1452,1175,1876
22-01-2018,"10,00",22066,23112,12555,3100,2109,1436,1179,1875
22-01-2018,"11,00",21982,23038,12497,3116,2114,1418,1130,1840
22-01-2018,"12,00",21877,22832,12395,3035,2091,1440,1162,1854
22-01-2018,"13,00",21829,22681,12346,3054,2081,1427,1158,1844
22-01-2018,"14,00",21894,22686,12380,3020,2058,1436,1151,1837
22-01-2018,"15,00",22096,22891,12589,2915,2032,1443,1157,1832
22-01-2018,"16,00",22345,23189,12799,2957,2130,1451,1170,1870
22-01-2018,"17,00",22277,23580,12774,3241,2313,1423,1174,1842
22-01-2018,"18,00",22056,23270,12783,3064,2240,1387,1138,1787
22-01-2018,"19,00",21759,22833,12617,2857,2099,1335,1093,1737
22-01-2018,"20,00",21434,22185,12156,2660,1946,1264,1021,1634
22-01-2018,"21,00",20954,21372,12203,2495,1805,1178,917,1467
22-01-2018,"22,00",20268,20360,11996,2280,1654,1087,838,1316
22-01-2018,"23,00",19478,19365,11548,2149,1483,998,744,1227
23-01-2018,"0,00",18840,18570,11489,2024,1375,976,721,1180
23-01-2018,"1,00",18390,18213,11303,1957,1308,948,705,1158
23-01-2018,"2,00",18240,18079,11274,1933,1292,948,697,1161
23-01-2018,"3,00",18250,18132,11407,1944,1307,961,709,1170
23-01-2018,"4,00",18344,18379,11932,2007,1342,1000,761,1245
23-01-2018,"5,00",18779,19135,12824,2161,1434,1105,892,1480
23-01-2018,"6,00",20006,21091,13235,2568,1673,1258,1035,1696
23-01-2018,"7,00",21533,22812,13419,2984,1953,1341,1137,1817
23-01-2018,"8,00",21998,23259,13248,3081,2062,1395,1177,1866
23-01-2018,"9,00",21880,22999,13147,3020,2051,1398,1180,1854
23-01-2018,"10,00",21845,22979,13080,3052,2069,1406,1155,1840
23-01-2018,"11,00",21757,22911,13036,3045,2053,1333,1116,1807
23-01-2018,"12,00",21600,22672,12891,2979,2031,1373,1156,1824
23-01-2018,"13,00",21493,22508,12803,3042,2021,1358,1148,1806
23-01-2018,"14,00",21491,22390,12778,3015,1999,1364,1144,1802
23-01-2018,"15,00",21551,22602,12897,2941,1983,1388,1189,1801
23-01-2018,"16,00",21755,22870,13032,2984,2078,1401,1190,1855
23-01-2018,"17,00",21605,23236,12928,3221,2260,1387,1200,1836
23-01-2018,"18,00",21380,22917,12811,3024,2192,1358,1166,1784
23-01-2018,"19,00",21116,22442,12541,2813,2058,1319,1115,1724
23-01-2018,"20,00",20813,21746,11965,2628,1932,1246,1050,1625
23-01-2018,"21,00",20289,20864,11900,2484,1810,1169,946,1468
23-01-2018,"22,00",19526,19768,11583,2293,1669,1080,861,1324
23-01-2018,"23,00",18751,18688,11066,2165,1470,1005,882,1220
24-01-2018,"0,00",17529,17591,11065,2049,1333,971,745,1180
24-01-2018,"1,00",17151,17188,10764,1973,1270,943,723,1155
24-01-2018,"2,00",16969,17002,10595,1938,1245,941,716,1149
24-01-2018,"3,00",16961,16961,10642,1923,1259,960,727,1160
24-01-2018,"4,00",17114,17112,11006,1963,1275,1010,780,1240
24-01-2018,"5,00",17668,17824,11883,2062,1342,1130,906,1476
24-01-2018,"6,00",19073,19522,12296,2471,1552,1293,1050,1694
24-01-2018,"7,00",20686,21194,12429,2882,1847,1342,1160,1814
24-01-2018,"8,00",21067,21590,12220,3014,1962,1385,1197,1858
24-01-2018,"9,00",20977,21493,12113,3008,1986,1420,1212,1858
24-01-2018,"10,00",21015,21474,12076,3011,2003,1359,1201,1857
24-01-2018,"11,00",20942,21368,12081,2999,1930,1381,1166,1833
24-01-2018,"12,00",20837,21184,11975,2922,1916,1406,1185,1841
24-01-2018,"13,00",20719,21024,11899,2899,1927,1398,1184,1808
24-01-2018,"14,00",20833,21008,11881,2857,1921,1404,1180,1796
24-01-2018,"15,00",21020,21216,12041,2781,1899,1420,1203,1781
24-01-2018,"16,00",21292,21427,12219,2849,1998,1394,1207,1842
24-01-2018,"17,00",21164,21718,12130,3080,2159,1401,1194,1847
24-01-2018,"18,00",20849,21286,12069,2941,2091,1367,1159,1794
24-01-2018,"19,00",20516,20656,11832,2743,1959,1319,1134,1735
24-01-2018,"20,00",20091,19847,11297,2609,1832,1256,1064,1636
24-01-2018,"21,00",19580,18857,11277,2438,1710,1170,962,1470
24-01-2018,"22,00",18837,17795,11011,2277,1577,1080,864,1332
24-01-2018,"23,00",18109,16716,10510,2089,1370,1017,789,1247
25-01-2018,"0,00",17369,16133,10229,1931,1227,990,732,1205
25-01-2018,"1,00",16986,15801,9930,1845,1147,970,715,1198
25-01-2018,"2,00",16921,15673,9806,1830,1139,967,709,1198
25-01-2018,"3,00",16980,15714,9790,1852,1206,987,723,1208
25-01-2018,"4,00",17108,15926,10150,1897,1230,1044,762,1268
25-01-2018,"5,00",17605,16671,11095,2050,1320,1177,886,1502
25-01-2018,"6,00",18992,18431,11569,2417,1562,1335,1044,1719
25-01-2018,"7,00",20798,20148,11749,2819,1839,1429,1146,1851
25-01-2018,"8,00",21382,20614,11571,2956,1950,1450,1178,1908
25-01-2018,"9,00",21260,20565,11470,2943,1948,1445,1183,1917
25-01-2018,"10,00",21138,20548,11419,3000,1962,1432,1169,1912
25-01-2018,"11,00",21052,20418,11450,2970,1947,1410,1133,1883
25-01-2018,"12,00",20994,20150,11371,2881,1933,1421,1153,1889
25-01-2018,"13,00",20961,19985,11332,2879,1921,1408,1144,1873
25-01-2018,"14,00",21022,19939,11313,2840,1888,1411,1148,1867
25-01-2018,"15,00",21153,20183,11470,2800,1854,1421,1168,1859
25-01-2018,"16,00",21392,20547,11673,2871,1947,1443,1186,1886
25-01-2018,"17,00",21280,21055,11613,3130,2140,1408,1164,1870
25-01-2018,"18,00",21013,20841,11589,3012,2086,1370,1131,1811
25-01-2018,"19,00",20709,20410,11406,2799,1949,1320,1117,1735
25-01-2018,"20,00",20481,19772,10882,2595,1798,1258,1052,1623
25-01-2018,"21,00",20008,18945,10895,2404,1664,1175,957,1446
25-01-2018,"22,00",19310,17960,10647,2244,1533,1084,865,1302
25-01-2018,"23,00",18369,16983,10121,2098,1415,1014,774,1225
26-01-2018,"0,00",17373,16240,9929,1931,1289,951,722,1189
26-01-2018,"1,00",17009,15942,9774,1859,1218,924,696,1162
26-01-2018,"2,00",16941,15842,9782,1833,1201,925,687,1159
26-01-2018,"3,00",16960,15893,9869,1839,1222,943,698,1171
26-01-2018,"4,00",17055,16110,10285,1906,1268,992,744,1243
26-01-2018,"5,00",17560,16825,11200,2086,1379,1115,859,1469
26-01-2018,"6,00",18918,18461,11703,2503,1610,1276,999,1678
26-01-2018,"7,00",20560,20112,11904,2956,1892,1371,1108,1806
26-01-2018,"8,00",21196,20537,11839,3054,1975,1392,1139,1869
26-01-2018,"9,00",21100,20567,11827,2995,1978,1390,1145,1870
26-01-2018,"10,00",21022,20556,11830,3059,2002,1381,1127,1868
26-01-2018,"11,00",20892,20400,11770,2994,1990,1363,1089,1833
26-01-2018,"12,00",20762,20080,11682,2848,1965,1386,1111,1845
26-01-2018,"13,00",20711,19774,11607,2745,1945,1376,1102,1822
26-01-2018,"14,00",20695,19579,11607,2622,1910,1383,1099,1796
26-01-2018,"15,00",20772,19632,11779,2593,1900,1398,1120,1777
26-01-2018,"16,00",21017,19881,12008,2711,1992,1414,1133,1845
26-01-2018,"17,00",20995,20305,11986,2980,2146,1390,1101,1823
26-01-2018,"18,00",20826,20085,11902,2856,2086,1352,1073,1759
26-01-2018,"19,00",20517,19505,11660,2609,1914,1303,1042,1695
26-01-2018,"20,00",20032,18786,11202,2398,1771,1238,986,1596
26-01-2018,"21,00",19512,18054,11206,2263,1663,1151,912,1456
26-01-2018,"22,00",19033,17299,10954,2118,1544,1058,829,1336
26-01-2018,"23,00",18386,16643,10470,1984,1434,1001,740,1245
27-01-2018,"0,00",17760,15986,9807,1874,1336,983,700,1167
27-01-2018,"1,00",17399,15684,9599,1790,1257,960,682,1133
27-01-2018,"2,00",17217,15535,9506,1749,1215,946,671,1119
27-01-2018,"3,00",17184,15510,9532,1760,1203,953,675,1119
27-01-2018,"4,00",17229,15610,9688,1778,1208,974,703,1141
27-01-2018,"5,00",17386,15865,10021,1839,1242,1020,761,1224
27-01-2018,"6,00",17785,16397,10170,1986,1313,1085,845,1329
27-01-2018,"7,00",18283,17073,10477,2168,1415,1144,895,1397
27-01-2018,"8,00",19015,17734,10577,2343,1538,1196,951,1516
27-01-2018,"9,00",19607,18417,10700,2444,1674,1235,966,1573
27-01-2018,"10,00",20021,18823,10741,2478,1741,1244,961,1595
27-01-2018,"11,00",20042,18883,10734,2466,1750,1237,955,1595
27-01-2018,"12,00",19872,18687,10708,2416,1724,1231,949,1584
27-01-2018,"13,00",19730,18441,10704,2379,1695,1230,941,1562
27-01-2018,"14,00",19682,18364,10843,2333,1668,1233,940,1549
27-01-2018,"15,00",19756,18590,11236,2344,1689,1281,964,1562
27-01-2018,"16,00",20122,19218,11690,2450,1782,1314,1026,1636
27-01-2018,"17,00",20413,19869,11798,2701,1948,1291,1010,1663
27-01-2018,"18,00",20380,19742,11643,2596,1901,1261,990,1618
27-01-2018,"19,00",20133,19302,11259,2377,1773,1223,953,1558
27-01-2018,"20,00",19650,18727,10847,2220,1670,1168,909,1481
27-01-2018,"21,00",19099,18122,11069,2130,1575,1107,846,1368
27-01-2018,"22,00",18680,17448,10911,2034,1497,1053,786,1235
27-01-2018,"23,00",18241,16783,10437,1933,1409,985,720,1145
28-01-2018,"0,00",17607,16204,10046,1823,1305,958,688,1126
28-01-2018,"1,00",17294,15851,9751,1761,1233,942,663,1094
28-01-2018,"2,00",17003,15696,9641,1703,1194,939,657,1082
28-01-2018,"3,00",16803,15622,9657,1677,1180,938,661,1083
28-01-2018,"4,00",16741,15659,9705,1669,1185,959,690,1107
28-01-2018,"5,00",16776,15818,9847,1717,1264,983,736,1170
28-01-2018,"6,00",16974,16157,9881,1817,1317,1036,799,1275
28-01-2018,"7,00",17292,16598,10106,2005,1389,1093,846,1334
28-01-2018,"8,00",17854,17020,10192,2117,1505,1150,893,1418
28-01-2018,"9,00",18373,17645,10400,2121,1613,1210,925,1492
28-01-2018,"10,00",18754,18167,10528,2080,1686,1218,949,1528
28-01-2018,"11,00",18804,18401,10590,2097,1707,1225,933,1539
28-01-2018,"12,00",18770,18464,10538,2068,1701,1226,929,1542
28-01-2018,"13,00",18744,18329,10498,2025,1694,1230,930,1534
28-01-2018,"14,00",18779,18229,10541,2018,1685,1244,936,1526
28-01-2018,"15,00",18949,18385,10881,2035,1704,1296,970,1557
28-01-2018,"16,00",19320,18920,11199,2140,1788,1324,1030,1668
28-01-2018,"17,00",19314,19472,11253,2502,1989,1319,1031,1695
28-01-2018,"18,00",19113,19476,11217,2448,1977,1300,1016,1672
28-01-2018,"19,00",18868,19152,11044,2284,1858,1259,999,1616
28-01-2018,"20,00",18613,18664,10685,2162,1706,1198,947,1531
28-01-2018,"21,00",18371,17974,10953,2060,1591,1123,858,1391
28-01-2018,"22,00",17970,17193,10853,1944,1483,1054,768,1262
28-01-2018,"23,00",17581,16509,10444,1862,1405,982,702,1161
29-01-2018,"0,00",17471,15992,10108,1786,1352,951,668,1163
29-01-2018,"1,00",17118,15715,9898,1703,1308,932,649,1118
29-01-2018,"2,00",17020,15630,9914,1571,1289,925,644,1104
29-01-2018,"3,00",17007,15722,10012,1619,1328,942,656,1117
29-01-2018,"4,00",17157,16006,10408,1679,1367,990,705,1192
29-01-2018,"5,00",17718,16810,11339,1843,1418,1110,829,1429
29-01-2018,"6,00",19111,18612,11878,2239,1588,1261,981,1648
29-01-2018,"7,00",20664,20414,12070,2658,1821,1364,1091,1773
29-01-2018,"8,00",21204,20917,11969,2821,1917,1393,1130,1832
29-01-2018,"9,00",21142,20912,11887,2831,1938,1390,1147,1835
29-01-2018,"10,00",21116,20922,11835,2920,1954,1381,1142,1841
29-01-2018,"11,00",21028,20864,11789,2946,1955,1359,1110,1824
29-01-2018,"12,00",20967,20735,11718,2806,1962,1378,1140,1849
29-01-2018,"13,00",20965,20645,11700,2818,1966,1367,1141,1831
29-01-2018,"14,00",21035,20631,11705,2857,1924,1362,1136,1818
29-01-2018,"15,00",21149,20765,11862,2844,1904,1374,1144,1799
29-01-2018,"16,00",21397,21011,12083,2859,1963,1394,1143,1853
29-01-2018,"17,00",21437,21479,12079,3035,2128,1364,1127,1856
29-01-2018,"18,00",21248,21277,12073,3021,2071,1326,1099,1782
29-01-2018,"19,00",20989,20870,11893,2746,1934,1276,1063,1738
29-01-2018,"20,00",20688,20256,11423,2520,1797,1205,981,1624
29-01-2018,"21,00",20265,19465,11467,2473,1673,1118,904,1466
29-01-2018,"22,00",19604,18455,11221,2382,1523,1026,816,1332
29-01-2018,"23,00",18825,17429,10736,2206,1404,961,726,1240
30-01-2018,"0,00",18046,16792,10376,2121,1319,886,689,1157
30-01-2018,"1,00",17630,16456,10210,2075,1240,868,682,1134
30-01-2018,"2,00",17541,16353,10186,2130,1204,867,674,1131
30-01-2018,"3,00",17619,16416,10288,2218,1219,876,686,1149
30-01-2018,"4,00",17787,16670,10675,2335,1248,924,709,1224
30-01-2018,"5,00",18337,17443,11494,2600,1330,1056,826,1443
30-01-2018,"6,00",19806,19232,11927,2859,1540,1217,988,1654
30-01-2018,"7,00",21457,21018,12055,3216,1840,1323,1092,1778
30-01-2018,"8,00",21956,21579,11915,3400,1928,1350,1125,1829
30-01-2018,"9,00",21780,21553,11883,3431,1937,1350,1129,1835
30-01-2018,"10,00",21724,21583,11880,3463,1954,1344,1116,1827
30-01-2018,"11,00",21577,21474,11933,3439,1927,1321,1088,1803
30-01-2018,"12,00",21457,21249,11899,3201,1906,1342,1119,1815
30-01-2018,"13,00",21349,21014,11906,3235,1910,1330,1117,1785
30-01-2018,"14,00",21338,20953,11916,3204,1877,1331,1106,1771
30-01-2018,"15,00",21410,21048,12070,2974,1876,1345,1123,1762
30-01-2018,"16,00",21716,21407,12324,3032,1957,1367,1142,1804
30-01-2018,"17,00",21581,22029,12349,3342,2140,1330,1135,1813
30-01-2018,"18,00",21390,21872,12351,3237,2121,1287,1096,1752
30-01-2018,"19,00",21131,21484,12192,3074,2006,1243,1067,1713
30-01-2018,"20,00",20855,20871,11761,2866,1865,1175,1006,1582
30-01-2018,"21,00",20340,20088,11827,2709,1738,1092,916,1416
30-01-2018,"22,00",19621,19068,11617,2548,1593,999,808,1287
30-01-2018,"23,00",18749,18054,11175,2353,1470,944,744,1188
31-01-2018,"0,00",17671,17428,10853,2146,1348,929,708,1160
31-01-2018,"1,00",17306,17069,10680,2023,1257,911,683,1133
31-01-2018,"2,00",17127,16913,10642,1995,1213,913,676,1115
31-01-2018,"3,00",17130,16920,10752,1966,1249,933,685,1127
31-01-2018,"4,00",17250,17076,11136,2039,1293,978,730,1196
31-01-2018,"5,00",17778,17757,11992,2247,1378,1086,851,1427
31-01-2018,"6,00",19191,19427,12407,2581,1582,1240,983,1630
31-01-2018,"7,00",20825,21091,12536,2998,1822,1344,1086,1760
31-01-2018,"8,00",21163,21508,12389,3109,1908,1363,1126,1821
31-01-2018,"9,00",21060,21445,12330,3054,1942,1362,1130,1824
31-01-2018,"10,00",21015,21401,12331,3086,1964,1357,1132,1818
31-01-2018,"11,00",20923,21348,12327,3066,1958,1330,1103,1783
31-01-2018,"12,00",20801,21195,12272,2973,1943,1357,1117,1792
31-01-2018,"13,00",20621,21060,12273,2970,1930,1354,1115,1775
31-01-2018,"14,00",20724,21071,12209,2944,1908,1354,1119,1767
31-01-2018,"15,00",20841,21241,12276,2853,1953,1370,1134,1762
31-01-2018,"16,00",21051,21459,12543,2861,2001,1408,1145,1798
31-01-2018,"17,00",21051,21901,12594,3103,2159,1375,1133,1796
31-01-2018,"18,00",20804,21675,12624,2970,2106,1342,1106,1745
31-01-2018,"19,00",20486,21208,12442,2787,1973,1291,1074,1694
31-01-2018,"20,00",20130,20510,11972,2629,1847,1221,999,1593
31-01-2018,"21,00",19674,19666,11990,2468,1723,1135,902,1435
31-01-2018,"22,00",19066,18648,11723,2288,1581,1046,806,1295
31-01-2018,"23,00",18368,17627,11223,2136,1463,984,723,1166
